date,baseline_value,selection1_value,selection2_value,adx,regime
2022-05-19 09:00:00,2000000.0,2000000.0,2000000.0,41.77984905536151,bear
2022-05-20 09:00:00,2000000.0,2000000.0,2000000.0,43.066185536871416,bear
2022-05-21 09:00:00,2000000.0,2000000.0,2000000.0,44.26013147510699,bear
2022-05-22 09:00:00,2000000.0,2000000.0,2000000.0,44.35329001694093,bear
2022-05-23 09:00:00,2000000.0,2000000.0,2000000.0,44.701975711808714,bear
2022-05-24 09:00:00,2000000.0,2000000.0,2000000.0,45.20464106599365,bear
2022-05-25 09:00:00,2000000.0,2000000.0,2000000.0,45.259146217883895,bear
2022-05-26 09:00:00,2000000.0,2000000.0,2000000.0,45.76107071317885,bear
2022-05-27 09:00:00,2000000.0,2000000.0,2000000.0,46.22701617013291,bear
2022-05-28 09:00:00,2000000.0,2000000.0,2000000.0,46.65957009809177,bear
2022-05-29 09:00:00,2000000.0,2000000.0,2000000.0,46.73427639509848,bear
2022-05-30 09:00:00,2000000.0,2000000.0,2000000.0,44.303965902429226,bear
2022-05-31 09:00:00,2000000.0,2000000.0,2000000.0,41.55041993104744,bear
2022-06-01 09:00:00,2000000.0,2000000.0,2000000.0,40.096282061549516,bear
2022-06-02 09:00:00,2000000.0,2000000.0,2000000.0,38.74624743851963,bear
2022-06-03 09:00:00,2000000.0,2000000.0,2000000.0,37.59775627817461,bear
2022-06-04 09:00:00,2000000.0,2000000.0,2000000.0,36.53146106870674,bear
2022-06-05 09:00:00,2000000.0,2000000.0,2000000.0,35.335912653846755,bear
2022-06-06 09:00:00,2000000.0,2000000.0,2000000.0,32.871332369568236,bear
2022-06-07 09:00:00,2000000.0,2000000.0,2000000.0,30.819156399750398,bear
2022-06-08 09:00:00,2000000.0,2000000.0,2000000.0,28.91377808258903,bear
2022-06-09 09:00:00,2000000.0,2000000.0,2000000.0,27.14468240953712,bear
2022-06-10 09:00:00,2000000.0,2000000.0,2000000.0,26.072029923436588,bear
2022-06-11 09:00:00,2000000.0,2000000.0,2000000.0,25.668141053005805,bear
2022-06-12 09:00:00,2000000.0,2000000.0,2000000.0,26.446837625798853,bear
2022-06-13 09:00:00,2000000.0,2000000.0,2000000.0,28.927665080527245,bear
2022-06-14 09:00:00,2000000.0,2000000.0,2000000.0,31.512044561612655,bear
2022-06-15 09:00:00,2000000.0,2000000.0,2000000.0,34.03170950565218,bear
2022-06-16 09:00:00,2000000.0,2000000.0,2000000.0,36.323276453156616,bear
2022-06-17 09:00:00,2000000.0,2000000.0,2000000.0,38.47792799580206,bear
2022-06-18 09:00:00,2000000.0,2000000.0,2000000.0,40.89778480182168,bear
2022-06-19 09:00:00,2000000.0,2000000.0,2000000.0,43.17321507442611,bear
2022-06-20 09:00:00,2000000.0,2000000.0,2000000.0,45.05900350392878,bear
2022-06-21 09:00:00,2000000.0,2000000.0,2000000.0,46.07485413095057,bear
2022-06-22 09:00:00,2000000.0,2000000.0,2000000.0,47.14001467812197,bear
2022-06-23 09:00:00,2000000.0,2000000.0,2000000.0,47.813355697757984,bear
2022-06-24 09:00:00,2000000.0,2000000.0,2000000.0,48.04023183085192,bear
2022-06-25 09:00:00,2000000.0,2000000.0,2000000.0,48.16204772541892,bear
2022-06-26 09:00:00,2000000.0,2000000.0,2000000.0,47.90362297039996,bear
2022-06-27 09:00:00,2000000.0,2000000.0,2000000.0,47.90097125930437,bear
2022-06-28 09:00:00,2000000.0,2000000.0,2000000.0,48.023111276885274,bear
2022-06-29 09:00:00,2000000.0,2000000.0,2000000.0,48.25326815197583,bear
2022-06-30 09:00:00,2000000.0,2000000.0,2000000.0,48.941663886105495,bear
2022-07-01 09:00:00,2000000.0,2000000.0,2000000.0,49.0130122986908,bear
2022-07-02 09:00:00,2000000.0,2000000.0,2000000.0,49.079263142382416,bear
2022-07-03 09:00:00,2000000.0,2000000.0,2000000.0,49.21425878408843,bear
2022-07-04 09:00:00,2000000.0,2000000.0,2000000.0,48.496357766999296,bear
2022-07-05 09:00:00,2000000.0,2000000.0,2000000.0,47.038086592990965,bear
2022-07-06 09:00:00,2000000.0,2000000.0,2000000.0,45.68399669586525,bear
2022-07-07 09:00:00,2000000.0,2000000.0,2000000.0,43.134019923562285,bear
2022-07-08 09:00:00,2000000.0,2000000.0,2000000.0,40.12554927455464,bear
2022-07-09 09:00:00,2000000.0,2000000.0,2000000.0,37.33200085241354,bear
2022-07-10 09:00:00,2000000.0,2000000.0,2000000.0,35.346635704565365,bear
2022-07-11 09:00:00,2000000.0,2000000.0,2000000.0,34.08324676044475,bear
2022-07-12 09:00:00,2000000.0,2000000.0,2000000.0,33.40982008920272,bear
2022-07-13 09:00:00,2000000.0,2000000.0,2000000.0,33.06458063849241,bear
2022-07-14 09:00:00,2000000.0,2000000.0,2000000.0,31.968028495389387,bear
2022-07-15 09:00:00,2000000.0,2000000.0,2000000.0,30.557093868962745,bear
2022-07-16 09:00:00,2000000.0,2000000.0,2000000.0,28.782424708229854,bear
2022-07-17 09:00:00,2000000.0,2000000.0,2000000.0,27.044829739711087,bear
2022-07-18 09:00:00,2000000.0,2000000.0,2000000.0,25.790639064000906,bear
2022-07-19 09:00:00,2000000.0,2000000.0,2000000.0,25.623832976047275,bull
2022-07-20 09:00:00,2000000.0,2000000.0,2000000.0,25.921906568559844,bull
2022-07-21 09:00:00,2000000.0,2000000.0,2000000.0,25.69111045278571,bull
2022-07-22 09:00:00,1999050.0,1999050.0,1999050.0,25.69395335548411,bull
2022-07-23 09:00:00,2019756.6509992965,1995023.824503078,2019756.6509992965,25.035933408884937,bull
2022-07-24 09:00:00,2018765.5665538176,2007752.6467843014,2018765.5665538176,24.424917151411343,bull
2022-07-25 09:00:00,1869437.408470054,1820812.401384355,1869437.408470054,22.906826923071925,sideways
2022-07-26 09:00:00,1851394.433451286,1803345.5032888104,1851394.433451286,21.69361549091647,sideways
2022-07-27 09:00:00,1851394.433451286,1803345.5032888104,1851394.433451286,21.11114868410887,sideways
2022-07-28 09:00:00,1851394.433451286,1803345.5032888104,1851394.433451286,21.207552707018085,sideways
2022-07-29 09:00:00,1851394.433451286,1803345.5032888104,1851394.433451286,21.524731145481944,sideways
2022-07-30 09:00:00,1850515.0210953965,1802488.9141747481,1850515.0210953965,22.09201281631025,sideways
2022-07-31 09:00:00,1824188.45482059,1770618.043461394,1824188.45482059,22.18208913066319,sideways
2022-08-01 09:00:00,1798791.1079276702,1756195.5105849071,1798791.1079276702,21.9609453897163,sideways
2022-08-02 09:00:00,1767747.291461757,1722838.6456701043,1767747.291461757,21.61430751489158,sideways
2022-08-03 09:00:00,1785656.353189786,1735051.3921679046,1785656.353189786,21.519837272877428,sideways
2022-08-04 09:00:00,1747897.9526431882,1698363.0532737048,1747897.9526431882,21.066778717356573,sideways
2022-08-05 09:00:00,2009409.8379103662,1952463.770800201,2009409.8379103662,20.653998364848903,sideways
2022-08-06 09:00:00,1912916.147624616,1858704.6825150233,1912916.147624616,20.27070286526043,sideways
2022-08-07 09:00:00,1936243.8801562202,1881371.3141615766,1936243.8801562202,19.829576193194846,sideways
2022-08-08 09:00:00,2115730.077226446,1885736.3948676428,2115730.077226446,20.292170839783648,sideways
2022-08-09 09:00:00,2094859.5891950245,1874096.179651466,2094859.5891950245,20.576046891826266,sideways
2022-08-10 09:00:00,2263214.859315159,1961397.793772792,2263214.859315159,21.107854665365693,sideways
2022-08-11 09:00:00,2223526.908765662,1930945.2953102505,2223526.908765662,22.19481618161129,sideways
2022-08-12 09:00:00,2266578.927906654,1968332.337259769,2266578.927906654,23.204136674586234,sideways
2022-08-13 09:00:00,2268568.5159993256,1970060.1264544954,2268568.5159993256,24.49443820677913,sideways
2022-08-14 09:00:00,2215204.2899838137,1923717.803923428,2215204.2899838137,25.85227480858612,sideways
2022-08-15 09:00:00,2177139.0710453195,1890661.3767066146,2177139.0710453195,27.28029651523675,bull
2022-08-16 09:00:00,2292016.6811584253,2016142.143122287,2292016.6811584253,28.12617933453593,bull
2022-08-17 09:00:00,2167605.8930623727,1928411.6467156112,2167605.8930623727,28.0396443062991,bull
2022-08-18 09:00:00,2104752.0995811047,1853264.5736452676,2104752.0995811047,27.959290398203187,bull
2022-08-19 09:00:00,1907567.9176866156,1654722.0038594382,1907567.9176866156,27.25807589250898,bull
2022-08-20 09:00:00,1969854.2917543883,1665403.5586766112,1969854.2917543883,26.60694846348145,bear
2022-08-21 09:00:00,1946496.9014789735,1677548.0339935524,1946496.9014789735,25.620027493917004,bear
2022-08-22 09:00:00,1917300.1636347051,1673870.6856087516,1917300.1636347051,24.84624773170947,bear
2022-08-23 09:00:00,1917423.4923958322,1688476.2896671093,1917423.4923958322,24.27152852289791,sideways
2022-08-24 09:00:00,1902419.7172452456,1682805.896897106,1902419.7172452456,23.516666227228168,sideways
2022-08-25 09:00:00,1922913.59154979,1714701.8562283749,1922913.59154979,22.815722909432715,sideways
2022-08-26 09:00:00,1825164.1217068464,1563018.8496307852,1825164.1217068464,23.315105214864786,sideways
2022-08-27 09:00:00,1829430.4851223202,1545985.344149243,1829430.4851223202,23.995456524476452,sideways
2022-08-28 09:00:00,1829430.4851223202,1545985.344149243,1829430.4851223202,24.940199595204906,sideways
2022-08-29 09:00:00,1829430.4851223202,1545985.344149243,1829430.4851223202,25.518588693574756,sideways
2022-08-30 09:00:00,1829430.4851223202,1545985.344149243,1829430.4851223202,25.918254592722935,bear
2022-08-31 09:00:00,1829430.4851223202,1545985.344149243,1829430.4851223202,26.289372845350435,bear
2022-09-01 09:00:00,1829430.4851223202,1545985.344149243,1829430.4851223202,26.81015667640274,bear
2022-09-02 09:00:00,1829430.4851223202,1545985.344149243,1829430.4851223202,26.86491693068285,bear
2022-09-03 09:00:00,1829430.4851223202,1545985.344149243,1829430.4851223202,26.944285505408033,bear
2022-09-04 09:00:00,1829430.4851223202,1545985.344149243,1829430.4851223202,27.117070076221154,bear
2022-09-05 09:00:00,1829430.4851223202,1545985.344149243,1829430.4851223202,27.25749904768972,bear
2022-09-06 09:00:00,1829430.4851223202,1545985.344149243,1829430.4851223202,28.447009376614442,bear
2022-09-07 09:00:00,1829430.4851223202,1545985.344149243,1829430.4851223202,29.55597174535892,bear
2022-09-08 09:00:00,1829430.4851223202,1545985.344149243,1829430.4851223202,30.58572239011841,bear
2022-09-09 09:00:00,1829430.4851223202,1545985.344149243,1829430.4851223202,29.34238617950569,bear
2022-09-10 09:00:00,1829430.4851223202,1545985.344149243,1829430.4851223202,28.46719355749824,bull
2022-09-11 09:00:00,1829430.4851223202,1545985.344149243,1829430.4851223202,27.78315572370472,bull
2022-09-12 09:00:00,1828561.5056418872,1545251.0011107724,1828561.5056418872,27.89371265961542,bull
2022-09-13 09:00:00,1699084.385095616,1421535.726064949,1699084.385095616,26.050939601393186,bull
2022-09-14 09:00:00,1697554.4585071043,1452926.9542592552,1697554.4585071043,24.539769634460086,bull
2022-09-15 09:00:00,1679421.995235854,1434698.7339900779,1679421.995235854,23.136540481832697,sideways
2022-09-16 09:00:00,1671660.3218832507,1433839.8641155337,1671660.3218832507,22.155667128085508,sideways
2022-09-17 09:00:00,1752682.6476479988,1503335.4662088903,1752682.6476479988,21.022616744578542,sideways
2022-09-18 09:00:00,1649563.3239474103,1414886.5180900728,1649563.3239474103,20.590212884057458,sideways
2022-09-19 09:00:00,1603896.1948800068,1375716.2696374534,1603896.1948800068,21.084761002520175,sideways
2022-09-20 09:00:00,1519959.5230427363,1303720.933882952,1519959.5230427363,21.54398423224738,sideways
2022-09-21 09:00:00,1456368.8667596849,1248873.2230317467,1456368.8667596849,22.270796584344307,sideways
2022-09-22 09:00:00,1681038.609039444,1397700.1238358533,1681038.609039444,22.945693739122724,sideways
2022-09-23 09:00:00,1730410.9709949428,1429233.2755120995,1730410.9709949428,23.425936632925108,sideways
2022-09-24 09:00:00,1680043.3811475951,1399794.317310411,1680043.3811475951,23.87187644618476,sideways
2022-09-25 09:00:00,1655312.8427888916,1381193.5271862396,1655312.8427888916,24.471321203717913,sideways
2022-09-26 09:00:00,1643782.4446422798,1344040.3716595066,1643782.4446422798,24.5608824850052,sideways
2022-09-27 09:00:00,1610869.9122871233,1314043.6303832012,1610869.9122871233,22.989329544776975,sideways
2022-09-28 09:00:00,1602197.2527496985,1308537.67737785,1602197.2527496985,21.570336346526155,sideways
2022-09-29 09:00:00,1606344.5261007722,1315173.3341445946,1606344.5261007722,20.25269983935795,sideways
2022-09-30 09:00:00,1591414.3420369066,1273147.507955212,1591414.3420369066,19.347800573191286,sideways
2022-10-01 09:00:00,1582290.3406645441,1245498.9380937759,1582290.3406645441,18.507536987624416,sideways
2022-10-02 09:00:00,1564215.1153295352,1207857.0487015562,1564215.1153295352,17.451397293335305,sideways
2022-10-03 09:00:00,1581917.4319955946,1202947.5399760944,1581917.4319955946,17.02230129553476,sideways
2022-10-04 09:00:00,1636592.8664368035,1211946.6595915789,1636592.8664368035,17.447262514277547,sideways
2022-10-05 09:00:00,1642550.9263661287,1219938.1939153187,1642550.9263661287,17.84186935371318,sideways
2022-10-06 09:00:00,1629352.433567665,1209663.8897228984,1629352.433567665,18.149664751909068,sideways
2022-10-07 09:00:00,1607401.081554334,1197968.1258567786,1607401.081554334,17.35837534128217,sideways
2022-10-08 09:00:00,1591258.7871689382,1181795.9957696078,1591258.7871689382,16.52595061675429,sideways
2022-10-09 09:00:00,1600819.5033485002,1192793.8594175011,1600819.5033485002,15.752984810645327,sideways
2022-10-10 09:00:00,1551255.9999565848,1149503.23877913,1551993.196725029,14.673453260421255,sideways
2022-10-11 09:00:00,1509785.9532226748,1130634.9750527497,1551993.196725029,14.04759678282424,sideways
2022-10-12 09:00:00,1512702.5182685489,1124738.6426382558,1551993.196725029,13.466444345074509,sideways
2022-10-13 09:00:00,1485252.3143625387,1087002.1151854955,1551993.196725029,14.18686506631804,sideways
2022-10-14 09:00:00,1488330.7786624306,1078902.581998239,1551993.196725029,13.964029170479986,sideways
2022-10-15 09:00:00,1484019.2394909132,1073863.148625761,1551993.196725029,13.885181631029434,sideways
2022-10-16 09:00:00,1488202.987730121,1078717.3087124862,1551993.196725029,13.480046283174934,sideways
2022-10-17 09:00:00,1507704.7903192583,1091241.7828293797,1551993.196725029,12.566373506322101,sideways
2022-10-18 09:00:00,1502485.6333066977,1083504.6985090743,1551993.196725029,11.717963076038487,sideways
2022-10-19 09:00:00,1464523.444810354,1040956.5237056066,1551993.196725029,10.93015339540146,sideways
2022-10-20 09:00:00,1447747.9488914239,1044125.0048079925,1551993.196725029,10.467322387835912,sideways
2022-10-21 09:00:00,1470470.4616372786,1075809.8158318517,1551993.196725029,10.548875181748803,sideways
2022-10-22 09:00:00,1474370.2867364583,1074336.045442877,1551993.196725029,10.624602775740435,sideways
2022-10-23 09:00:00,1474370.2867364583,1127220.533629684,1551993.196725029,10.048837397044906,sideways
2022-10-24 09:00:00,1474370.2867364583,1112065.4407788883,1551993.196725029,9.514198118995095,sideways
2022-10-25 09:00:00,1474370.2867364583,1142737.5391455735,1551993.196725029,10.409299752573332,sideways
2022-10-26 09:00:00,1473669.9608502584,1148746.1126128717,1551993.196725029,12.046599097403536,sideways
2022-10-27 09:00:00,1436034.4057364836,1119408.6769715617,1551993.196725029,13.56694848409665,sideways
2022-10-28 09:00:00,1485295.272563851,1157808.2038501776,1551993.196725029,14.524148558547836,sideways
2022-10-29 09:00:00,1502309.0665393358,1171070.6915233727,1551993.196725029,15.842232179096696,sideways
2022-10-30 09:00:00,1478464.9548923266,1152483.8767745635,1551255.9999565845,17.044770412347347,sideways
2022-10-31 09:00:00,1513047.9203971955,1179686.5203658224,1587541.6302369633,17.31836265312408,sideways
2022-11-01 09:00:00,1528546.0312872434,1221709.687691828,1603802.7782788053,17.5724125904189,sideways
2022-11-02 09:00:00,1471084.779906262,1162940.0104414872,1543512.4679303584,18.408765893376444,sideways
2022-11-03 09:00:00,1472667.602048066,1154886.2035836915,1545173.2190602464,19.025858986257,sideways
2022-11-04 09:00:00,1480661.8833593156,1377547.8081970979,1553561.092447695,20.655161136525155,sideways
2022-11-05 09:00:00,1464673.3207368164,1401838.165064015,1536785.3456727979,22.379158536577442,sideways
2022-11-06 09:00:00,1368741.9450018206,1353257.4513301807,1436130.8650234141,23.9800132627209,sideways
2022-11-07 09:00:00,1319525.630658029,1490186.2413818033,1384491.4246234784,23.82854952858765,sideways
2022-11-08 09:00:00,1147440.8533318164,1490186.2413818033,1203934.1902804284,24.498032395527048,sideways
2022-11-09 09:00:00,891851.5628437672,1490186.2413818033,935761.1645470539,26.79490176246211,sideways
2022-11-10 09:00:00,1037336.4924369901,1490186.2413818033,1088408.9288298292,28.92770902930592,bear
2022-11-11 09:00:00,971962.8731401393,1490186.2413818033,1019816.6914301252,30.908172917831482,bear
2022-11-12 09:00:00,971962.8731401393,1490186.2413818033,1019816.6914301252,32.74717509821004,bear
2022-11-13 09:00:00,971962.8731401393,1490186.2413818033,1019816.6914301252,34.68633892921357,bear
2022-11-14 09:00:00,971962.8731401393,1490186.2413818033,1019816.6914301252,36.84374268811071,bear
2022-11-15 09:00:00,971962.8731401393,1490186.2413818033,1019816.6914301252,38.84704617692454,bear
2022-11-16 09:00:00,971962.8731401393,1490186.2413818033,1019816.6914301252,40.707256558023,bear
2022-11-17 09:00:00,971962.8731401393,1490186.2413818033,1019816.6914301252,42.434594767860396,bear
2022-11-18 09:00:00,971962.8731401393,1490186.2413818033,1019816.6914301252,43.48638321726509,bear
2022-11-19 09:00:00,971962.8731401393,1490186.2413818033,1019816.6914301252,44.46304391970719,bear
2022-11-20 09:00:00,971962.8731401393,1490186.2413818033,1019816.6914301252,45.52052463369548,bear
2022-11-21 09:00:00,971962.8731401393,1490186.2413818033,1019816.6914301252,46.82470025255833,bear
2022-11-22 09:00:00,971962.8731401393,1490186.2413818033,1019816.6914301252,48.03572046950144,bear
2022-11-23 09:00:00,971962.8731401393,1490186.2413818033,1019816.6914301252,48.300532825580305,bear
2022-11-24 09:00:00,971962.8731401393,1490186.2413818033,1019816.6914301252,48.33921951893607,bear
2022-11-25 09:00:00,971962.8731401393,1490186.2413818033,1019816.6914301252,48.51825288544584,bear
2022-11-26 09:00:00,971962.8731401393,1490186.2413818033,1019816.6914301252,48.52910951015432,bear
2022-11-27 09:00:00,971962.8731401393,1490186.2413818033,1019816.6914301252,48.53919066166605,bear
2022-11-28 09:00:00,971962.8731401393,1490186.2413818033,1019816.6914301252,48.867971085579924,bear
2022-11-29 09:00:00,971962.8731401393,1490186.2413818033,1019816.6914301252,49.222704711677224,bear
2022-11-30 09:00:00,971962.8731401393,1490186.2413818033,1019816.6914301252,47.92802206154868,bear
2022-12-01 09:00:00,971962.8731401393,1490186.2413818033,1019816.6914301252,46.495692327173806,bear
2022-12-02 09:00:00,971962.8731401393,1490186.2413818033,1019816.6914301252,45.432684889439464,bear
2022-12-03 09:00:00,971962.8731401393,1490186.2413818033,1019816.6914301252,44.445606554606904,bear
2022-12-04 09:00:00,971962.8731401393,1490186.2413818033,1019816.6914301252,43.40788062126918,bear
2022-12-05 09:00:00,971962.8731401393,1490186.2413818033,1019816.6914301252,42.1105974376726,bear
2022-12-06 09:00:00,971962.8731401393,1490186.2413818033,1019816.6914301252,40.90597733882038,bear
2022-12-07 09:00:00,971962.8731401393,1490186.2413818033,1019816.6914301252,40.2608981760244,bear
2022-12-08 09:00:00,971962.8731401393,1490186.2413818033,1019816.6914301252,39.36661843674728,bear
2022-12-09 09:00:00,971962.8731401393,1490186.2413818033,1019816.6914301252,38.53621582181559,bear
2022-12-10 09:00:00,971962.8731401393,1490186.2413818033,1019816.6914301252,37.76512767947502,bear
2022-12-11 09:00:00,971962.8731401393,1490186.2413818033,1019816.6914301252,37.165309518960406,bear
2022-12-12 09:00:00,971962.8731401393,1490186.2413818033,1019816.6914301252,37.10957010202122,bear
2022-12-13 09:00:00,971962.8731401393,1490186.2413818033,1019816.6914301252,34.91852826898054,bear
2022-12-14 09:00:00,971962.8731401393,1490186.2413818033,1019816.6914301252,32.73237221263119,bear
2022-12-15 09:00:00,971962.8731401393,1490186.2413818033,1019816.6914301252,30.676994560457256,bear
2022-12-16 09:00:00,971962.8731401393,1490186.2413818033,1019816.6914301252,30.08629717407994,bear
2022-12-17 09:00:00,971962.8731401393,1490186.2413818033,1019816.6914301252,29.722048155631025,bear
2022-12-18 09:00:00,971962.8731401393,1490186.2413818033,1019816.6914301252,29.38381692423745,bear
2022-12-19 09:00:00,971962.8731401393,1490186.2413818033,1019816.6914301252,29.89471129285781,bear
2022-12-20 09:00:00,971962.8731401393,1490186.2413818033,1019816.6914301252,30.369113206548565,bear
2022-12-21 09:00:00,971962.8731401393,1490186.2413818033,1019816.6914301252,30.80962926923714,bear
2022-12-22 09:00:00,971962.8731401393,1490186.2413818033,1019816.6914301252,31.515538535309556,bear
2022-12-23 09:00:00,971962.8731401393,1490186.2413818033,1019816.6914301252,32.10552719487289,bear
2022-12-24 09:00:00,971962.8731401393,1490186.2413818033,1019816.6914301252,32.65337380730039,bear
2022-12-25 09:00:00,971962.8731401393,1490186.2413818033,1019816.6914301252,33.29139883378022,bear
2022-12-26 09:00:00,971962.8731401393,1490186.2413818033,1019816.6914301252,34.160676902354254,bear
2022-12-27 09:00:00,971962.8731401393,1490186.2413818033,1019816.6914301252,35.44782523743747,bear
2022-12-28 09:00:00,971962.8731401393,1490186.2413818033,1019816.6914301252,36.91628544139501,bear
2022-12-29 09:00:00,971962.8731401393,1490186.2413818033,1019816.6914301252,38.394539032895764,bear
2022-12-30 09:00:00,971962.8731401393,1490186.2413818033,1019816.6914301252,39.991859834387526,bear
2022-12-31 09:00:00,971962.8731401393,1490186.2413818033,1019816.6914301252,41.400580850291355,bear
2023-01-01 09:00:00,971962.8731401393,1490186.2413818033,1019816.6914301252,42.70867893645587,bear
2023-01-02 09:00:00,971962.8731401393,1490186.2413818033,1019816.6914301252,42.87335363399319,bear
2023-01-03 09:00:00,971962.8731401393,1490186.2413818033,1019816.6914301252,42.802554219073215,bear
2023-01-04 09:00:00,971962.8731401393,1490186.2413818033,1019816.6914301252,41.58558992341037,bear
2023-01-05 09:00:00,971962.8731401393,1490186.2413818033,1019816.6914301252,40.45555164888678,bear
2023-01-06 09:00:00,971962.8731401393,1490186.2413818033,1019816.6914301252,39.697558895707715,bear
2023-01-07 09:00:00,971962.8731401393,1490186.2413818033,1019816.6914301252,38.99370848205244,bear
2023-01-08 09:00:00,971962.8731401393,1490186.2413818033,1019816.6914301252,37.57491757947924,bear
2023-01-09 09:00:00,971962.8731401393,1490186.2413818033,1019816.6914301252,35.909392980499824,bear
2023-01-10 09:00:00,971962.8731401393,1490186.2413818033,1019816.6914301252,33.89482811665973,bear
2023-01-11 09:00:00,971962.8731401393,1490186.2413818033,1019816.6914301252,32.64368738938348,bear
2023-01-12 09:00:00,971962.8731401393,1490186.2413818033,1019816.6914301252,33.77406375106013,bull
2023-01-13 09:00:00,971962.8731401393,1490186.2413818033,1019816.6914301252,35.66436985071589,bull
2023-01-14 09:00:00,971501.1907753977,1489478.402917147,1019332.2785016958,38.106321122515986,bull
2023-01-15 09:00:00,962251.8989549561,1473292.3236793443,1009627.6051617353,40.37384730345362,bull
2023-01-16 09:00:00,969925.0672352776,1480512.8675908917,1017678.5557738128,42.7245082927359,bull
2023-01-17 09:00:00,964741.7348116889,1488103.1122260585,1012240.0261047431,44.937063234859636,bull
2023-01-18 09:00:00,903951.4987017278,1396951.7709968386,948456.8311143538,45.7988691493879,bull
2023-01-19 09:00:00,923075.749208566,1429488.3187858588,968522.6488702884,46.59911749858756,bull
2023-01-20 09:00:00,982085.9538194203,1522946.2421420843,1030438.1739277763,48.240579660586725,bull
2023-01-21 09:00:00,969507.0743532922,1507863.641785576,1017239.9833450424,50.05820021805451,bull
2023-01-22 09:00:00,980373.6739465253,1533835.3941068891,1028641.5913184668,51.74599073569448,bull
2023-01-23 09:00:00,1001483.2367170863,1589000.685871182,1050790.466606943,53.37184826448394,bull
2023-01-24 09:00:00,963702.6473687524,1531917.974280402,1011149.7800187602,54.4297981343826,bull
2023-01-25 09:00:00,988210.0810878461,1564839.034639556,1036863.8177269121,55.63475358513984,bull
2023-01-26 09:00:00,1000747.5896973134,1577908.6188063032,1050018.6005917923,56.75364078941015,bull
2023-01-27 09:00:00,1008201.742625793,1595211.4139467692,1057839.7528055357,57.891246723792854,bull
2023-01-28 09:00:00,1000164.277051325,1573108.448307205,1049406.5690120475,58.94759509143045,bull
2023-01-29 09:00:00,1016328.764056242,1604132.9439630846,1066366.9016662794,60.22045685366632,bull
2023-01-30 09:00:00,961214.6986507867,1498270.1946064045,1008539.3391262942,59.92546433247951,bull
2023-01-31 09:00:00,971984.6129493979,1512728.1279442534,1019839.501581586,59.65154270566389,bull
2023-02-01 09:00:00,1026928.687928085,1586971.741252653,1077488.7043514685,59.697003527946606,bull
2023-02-02 09:00:00,1035737.2519804451,1604291.0926029107,1086730.9510425443,60.017883369165,bull
2023-02-03 09:00:00,1061466.5276403036,1641946.6449561275,1113726.9871067198,59.787539325346195,bull
2023-02-04 09:00:00,1096237.837276438,1634976.316572063,1150210.234491728,59.573648427514875,bull
2023-02-05 09:00:00,1070159.3550493373,1595655.213097713,1122847.7989529718,58.244964784531184,bull
2023-02-06 09:00:00,1052773.70023127,1588318.3786714778,1104606.1752604677,56.65335040026073,bull
2023-02-07 09:00:00,1069650.8246459088,1638009.2594717424,1122314.2314599662,55.29298037392111,bull
2023-02-08 09:00:00,1069650.8246459088,1630136.9787635289,1122314.2314599662,53.861025571094615,bull
2023-02-09 09:00:00,1069650.8246459088,1571491.1291922724,1122314.2314599662,50.96649845006459,bull
2023-02-10 09:00:00,1069650.8246459088,1567634.2399862348,1122314.2314599662,47.91193009637782,bull
2023-02-11 09:00:00,1069650.8246459088,1579712.2468366444,1122314.2314599662,45.117639103421546,bull
2023-02-12 09:00:00,1069650.8246459088,1563749.2289789296,1122314.2314599662,42.690893759379904,bull
2023-02-13 09:00:00,1069650.8246459088,1538274.5683562555,1122314.2314599662,40.003859044259855,bull
2023-02-14 09:00:00,1069650.8246459088,1584344.0033134944,1122314.2314599662,38.234906263532956,bull
2023-02-15 09:00:00,1069142.740504202,1651008.321494918,1121781.1322000225,38.91955471106401,bull
2023-02-16 09:00:00,1048157.9890274759,1715400.8770806526,1099763.2131900724,40.10161408876601,bull
2023-02-17 09:00:00,1098669.085528507,1894780.1390694845,1152761.183315997,41.00072017377274,bull
2023-02-18 09:00:00,1097068.480574166,1848785.4565082456,1151081.7738509537,41.83560439556412,bull
2023-02-19 09:00:00,1086255.324256694,1842429.6201157854,1139736.2403904267,42.803639174631776,bull
2023-02-20 09:00:00,1095505.0755392732,1875043.9723605246,1149441.3958137776,42.985832503556125,bull
2023-02-21 09:00:00,1080086.2702324747,1872028.252788769,1133263.4579024417,43.43938214671341,bull
2023-02-22 09:00:00,1077896.523358541,1857706.9553216714,1130965.9005844037,42.83922491855288,bull
2023-02-23 09:00:00,1065745.3964471377,1834058.7390296634,1118216.5226128977,42.39593422414215,bull
2023-02-24 09:00:00,1031469.1041365553,1784838.9782750471,1082252.664337387,41.337094000274206,bull
2023-02-25 09:00:00,1021485.7180266769,1779849.2825494842,1071777.754160054,39.936294164633246,bull
2023-02-26 09:00:00,1030490.3407924497,1784383.9483053512,1081225.7123592172,39.00351958335131,bull
2023-02-27 09:00:00,1017974.3515553862,1762642.6125112243,1068093.50835591,38.385307683981274,bull
2023-02-28 09:00:00,1007298.5306288293,1693982.3937980542,1056892.071884939,37.81125377742357,bull
2023-03-01 09:00:00,1026870.8689941837,1728312.5031546392,1077428.0387483859,37.54417944651927,bull
2023-03-02 09:00:00,1021977.7844028451,1710096.526761349,1072294.0470325241,37.286239837607695,bull
2023-03-03 09:00:00,977012.2131778381,1639180.4320103219,1025114.631704856,34.90243799039826,bull
2023-03-04 09:00:00,980575.1244540444,1645941.9028614853,1028852.9600813513,32.68890770370433,bull
2023-03-05 09:00:00,980575.1244540444,1653489.5912534816,1028852.9600813513,30.886199584776254,bull
2023-03-06 09:00:00,975230.7575397351,1642325.3021736536,1023245.4675166083,29.19308292611211,bull
2023-03-07 09:00:00,972969.7751173043,1630816.3564713013,1020873.1674245528,27.207488528558844,bull
2023-03-08 09:00:00,955595.6319398694,1524548.0483747444,1002643.6221391432,25.73425159811509,bear
2023-03-09 09:00:00,911254.0686866676,1487386.6306612794,956118.9373190061,26.129626325435737,bear
2023-03-10 09:00:00,903098.2209001379,1511895.7753748943,947561.5428594883,27.050469707920982,bear
2023-03-11 09:00:00,914976.7444743342,1495699.606774406,960024.8960854966,27.24108562058394,bear
2023-03-12 09:00:00,914976.7444743342,1495699.606774406,960024.8960854966,25.746325662375288,bear
2023-03-13 09:00:00,914976.7444743342,1495699.606774406,960024.8960854966,25.667567949492888,bear
2023-03-14 09:00:00,914976.7444743342,1495699.606774406,960024.8960854966,26.793983106118215,bull
2023-03-15 09:00:00,914542.130520709,1494989.1494611884,959568.884259856,27.839940037270193,bull
2023-03-16 09:00:00,935305.020344388,1522288.6629992845,981354.0184348931,28.811185759054073,bull
2023-03-17 09:00:00,992037.9592393846,1617766.254265623,1040880.1584119098,30.820504431277175,bull
2023-03-18 09:00:00,974596.4633066001,1591384.5664678717,1022579.9443118598,32.68630034119846,bull
2023-03-19 09:00:00,993533.3143160269,1612265.6842144062,1042449.1361053146,34.65795938317822,bull
2023-03-20 09:00:00,982750.4509345943,1612265.6842144062,1031135.3870294173,36.57083609455226,bull
2023-03-21 09:00:00,1014242.2554843753,1612265.6842144062,1064177.6655059236,38.34707875511374,bull
2023-03-22 09:00:00,987716.965633769,1612265.6842144062,1036346.4241260176,38.96250892506753,bull
2023-03-23 09:00:00,1012642.9454170101,1612265.6842144062,1062499.6146805852,39.53397979716745,bull
2023-03-24 09:00:00,987635.4100044542,1612265.6842144062,1036260.853170219,40.064631321260194,bull
2023-03-25 09:00:00,992743.593185513,1612265.6842144062,1041620.5336836282,40.55737916506058,bull
2023-03-26 09:00:00,996456.7095160717,1612265.6842144062,1045516.4623407505,41.23259730343926,bull
2023-03-27 09:00:00,1001685.5650551843,1611499.8580144043,1051002.7564196964,40.39147462472369,bull
2023-03-28 09:00:00,1062837.0962527539,1675424.102399962,1115165.0345737098,39.37101680479847,bull
2023-03-29 09:00:00,1116531.123645742,1753743.1603957792,1171502.6446601604,39.300768236885034,bull
2023-03-30 09:00:00,1103107.616797495,1734022.3795153915,1157418.2421385478,39.557201138005674,bull
2023-03-31 09:00:00,1106527.5317040202,1786174.932813323,1161006.5338329389,39.55781529861974,bull
2023-04-01 09:00:00,1066280.0499657353,1740002.858136911,1118777.4993718518,39.6512624156538,bull
2023-04-02 09:00:00,1070859.0141830468,1728459.839467808,1123581.905247139,39.18535468898939,bull
2023-04-03 09:00:00,1045785.655054773,1716916.820798705,1097274.0792428132,38.03251134530636,bull
2023-04-04 09:00:00,1049978.0239937115,1715287.8890394918,1101672.856128961,36.96201395474357,bull
2023-04-05 09:00:00,1034018.7572102672,1708592.4268977789,1084927.8475504327,36.15687425927812,bull
2023-04-06 09:00:00,954222.4232930463,1625977.0180847868,1001202.8046577905,35.218262713866494,bull
2023-04-07 09:00:00,922303.8897261579,1601490.3942293935,967712.7875007336,34.346694850270005,bull
2023-04-08 09:00:00,913459.2567871204,1598211.2906609396,958432.6961000587,33.581933155802204,bull
2023-04-09 09:00:00,917139.7669233847,1609128.3319598448,962294.413222868,33.171910458284856,bull
2023-04-10 09:00:00,938663.5588489715,1639591.0100570477,984877.9119090545,33.95359600574317,bull
2023-04-11 09:00:00,940428.1700093166,1649676.7325338372,986729.4022950914,35.238247052720055,bull
2023-04-12 09:00:00,968120.8982889107,1693869.2104953711,1015785.5600056514,36.59147117438764,bull
2023-04-13 09:00:00,982686.8129163471,1719354.4100750166,1031068.6158440034,37.84803643022181,bull
2023-04-14 09:00:00,988513.1787673216,1729548.4899068747,1037181.8381793441,38.6538218573142,bull
2023-04-15 09:00:00,969286.1714591057,1695908.0264617426,1017008.2044727196,39.40205118247141,bull
2023-04-16 09:00:00,1012020.6996300938,1770678.3383327317,1061846.7331177131,39.82298121692449,bull
2023-04-17 09:00:00,1004993.5782171811,1750487.7096053995,1054473.636976251,38.48939948509075,bull
2023-04-18 09:00:00,1018869.4913064588,1776093.0406219917,1069032.7196000156,36.90458169008913,bull
2023-04-19 09:00:00,951985.7032462792,1667633.1826834548,998855.9614801488,35.335784780208904,bull
2023-04-20 09:00:00,929422.5214749738,1631078.5861511212,975181.8994166367,32.867259683904486,bull
2023-04-21 09:00:00,929422.5214749738,1631078.5861511212,975181.8994166367,31.760024751818403,bull
2023-04-22 09:00:00,929422.5214749738,1631078.5861511212,975181.8994166367,30.77844998534392,bear
2023-04-23 09:00:00,929422.5214749738,1631078.5861511212,975181.8994166367,29.866987702189046,bear
2023-04-24 09:00:00,929422.5214749738,1631078.5861511212,975181.8994166367,29.330859252074198,bear
2023-04-25 09:00:00,929422.5214749738,1631078.5861511212,975181.8994166367,27.723207624326015,bear
2023-04-26 09:00:00,929422.5214749738,1631078.5861511212,975181.8994166367,26.95209830950548,bear
2023-04-27 09:00:00,929422.5214749738,1631078.5861511212,975181.8994166367,26.23606823145785,bull
2023-04-28 09:00:00,928981.0457772731,1630303.8238226995,974718.6880144137,25.571183158985047,bull
2023-04-29 09:00:00,933750.0577031128,1630678.6743864408,979722.4984458637,24.95378987740316,bull
2023-04-30 09:00:00,923603.0022969157,1617777.3558060492,969075.8608447029,24.92461599338712,sideways
2023-05-01 09:00:00,907003.1475892579,1585026.2256904591,951658.7255054775,23.156023195933226,sideways
2023-05-02 09:00:00,915765.8910196411,1597975.1765706935,960852.8956327308,21.513758455440325,sideways
2023-05-03 09:00:00,915765.8910196411,1597975.1765706935,960852.8956327308,20.38264157625971,sideways
2023-05-04 09:00:00,915765.8910196411,1597975.1765706935,960852.8956327308,19.398802851645936,sideways
2023-05-05 09:00:00,915765.8910196411,1597975.1765706935,960852.8956327308,18.756190382048075,sideways
2023-05-06 09:00:00,915330.9022214068,1597216.1383618226,960396.4905073055,17.664708320155956,sideways
2023-05-07 09:00:00,908258.0635482114,1575198.351842444,952975.4262526451,16.651189262684706,sideways
2023-05-08 09:00:00,877029.8052946576,1537390.1017388161,920209.6695644541,16.71203095614311,sideways
2023-05-09 09:00:00,868956.6006304868,1535419.6657971242,911738.9870956334,16.768526814354484,sideways
2023-05-10 09:00:00,872224.2563316262,1530145.8594554905,915167.5232238729,16.197302546201367,sideways
2023-05-11 09:00:00,872224.2563316262,1513846.5482518899,915167.5232238729,16.017002873932594,sideways
2023-05-12 09:00:00,872224.2563316262,1530145.8594554905,915167.5232238729,16.792229021761546,sideways
2023-05-13 09:00:00,872224.2563316262,1519773.5705077448,915167.5232238729,17.353457007484757,sideways
2023-05-14 09:00:00,871809.9498098688,1516850.094665003,914732.8186503415,17.665183505673696,sideways
2023-05-15 09:00:00,866333.1189761884,1513918.941217807,908986.3404106103,17.35998925636749,sideways
2023-05-16 09:00:00,863340.9770412535,1508478.3999226345,905846.8827495205,17.076594596297443,sideways
2023-05-17 09:00:00,875528.8006961853,1528688.7752750157,918634.764199509,17.264938680149037,sideways
2023-05-18 09:00:00,863093.6715656993,1511775.9978014312,905587.4013857543,17.59234318880736,sideways
2023-05-19 09:00:00,862254.2747477463,1514468.1653875916,904706.6775337043,17.896361661132943,sideways
2023-05-20 09:00:00,863638.4634499287,1519604.024375377,906159.0156647009,18.178664528292416,sideways
2023-05-21 09:00:00,850034.0213971036,1489333.0538280178,891884.7697377531,18.151201711227667,sideways
2023-05-22 09:00:00,855104.7773758016,1497724.911881595,897205.1803502889,18.585450293932798,sideways
2023-05-23 09:00:00,855104.7773758016,1497724.911881595,897205.1803502889,18.077629440892107,sideways
2023-05-24 09:00:00,855104.7773758016,1497724.911881595,897205.1803502889,18.513412269271203,sideways
2023-05-25 09:00:00,855104.7773758016,1497724.911881595,897205.1803502889,19.085624543908533,sideways
2023-05-26 09:00:00,854698.6026065481,1497013.4925484513,896779.0078896225,18.781911270347372,sideways
2023-05-27 09:00:00,858026.2393431783,1498884.0738148098,900270.4781718851,18.499891802040583,sideways
2023-05-28 09:00:00,877992.0597629593,1549740.8133121002,921219.2998654617,18.45186379024056,sideways
2023-05-29 09:00:00,851370.965869918,1525774.9209753205,893287.5376073597,18.770031209623387,sideways
2023-05-30 09:00:00,840589.2696004874,1518436.9895837344,881975.0131052947,19.065472384764583,sideways
2023-05-31 09:00:00,837273.9263231877,1505109.3654540442,878496.4415410457,18.157647008167448,sideways
2023-06-01 09:00:00,823940.1139720997,1474532.2461590273,864506.1495537551,16.873459743258802,sideways
2023-06-02 09:00:00,835521.4039988412,1499221.2399073231,876657.6351752243,16.001897930675167,sideways
2023-06-03 09:00:00,832289.7145389863,1487655.5270083651,873266.8360575261,15.19259053327608,sideways
2023-06-04 09:00:00,856423.0931774883,1498734.1073942923,898588.4023809744,14.371655946447056,sideways
2023-06-05 09:00:00,820797.6294730331,1438948.8454260696,861208.9473320744,15.755435588302227,sideways
2023-06-06 09:00:00,842632.5910983443,1478686.5934681813,884118.9359104325,17.22791033478668,sideways
2023-06-07 09:00:00,832647.3252802199,1447360.380135769,873642.0534789142,18.595208313665104,sideways
2023-06-08 09:00:00,834943.3925494347,1452004.017524779,876051.1657922545,19.86484215119507,sideways
2023-06-09 09:00:00,853311.9307031523,1452898.0805306672,895324.0642989771,21.043787857472893,sideways
2023-06-10 09:00:00,815426.8207611096,1314290.9439985142,855573.7111288619,22.92375313955432,sideways
2023-06-11 09:00:00,833399.2873108877,1303273.2174174597,874431.0377615332,24.669435187201362,sideways
2023-06-12 09:00:00,833399.2873108877,1303273.2174174597,874431.0377615332,26.34151431296269,sideways
2023-06-13 09:00:00,833399.2873108877,1303273.2174174597,874431.0377615332,28.007359935166022,bear
2023-06-14 09:00:00,833399.2873108877,1303273.2174174597,874431.0377615332,30.245900145603233,bear
2023-06-15 09:00:00,833399.2873108877,1303273.2174174597,874431.0377615332,32.47373196030218,bear
2023-06-16 09:00:00,833399.2873108877,1303273.2174174597,874431.0377615332,32.352195142859294,bear
2023-06-17 09:00:00,833399.2873108877,1303273.2174174597,874431.0377615332,31.729129341250168,bear
2023-06-18 09:00:00,833399.2873108877,1303273.2174174597,874431.0377615332,31.15056823975598,bear
2023-06-19 09:00:00,833399.2873108877,1303273.2174174597,874431.0377615332,29.920142479162482,bear
2023-06-20 09:00:00,833399.2873108877,1303273.2174174597,874431.0377615332,28.838474511985172,bear
2023-06-21 09:00:00,833399.2873108877,1303273.2174174597,874431.0377615332,29.785571284572622,bull
2023-06-22 09:00:00,833399.2873108877,1303273.2174174597,874431.0377615332,30.66501828768954,bull
2023-06-23 09:00:00,833003.422649415,1302654.1626391867,874015.6830185965,32.13979269237178,bull
2023-06-24 09:00:00,833523.5384835722,1298457.0050520666,874561.4063417896,33.509226068148145,bull
2023-06-25 09:00:00,837916.0668161671,1305527.0426677857,879170.197309996,34.967021827276035,bull
2023-06-26 09:00:00,824060.6692566433,1276368.3260974488,864632.6402817603,35.51491178768243,bull
2023-06-27 09:00:00,833978.455261318,1290252.7931522147,875038.7205849336,36.19316364342604,bull
2023-06-28 09:00:00,775217.5044510436,1235718.763598116,813384.721140469,36.82296893804511,bull
2023-06-29 09:00:00,773191.2647679306,1252310.0193428057,811258.7211596253,37.620554800680715,bull
2023-06-30 09:00:00,787374.942549721,1313218.1562473834,826140.7210255306,38.61242435846969,bull
2023-07-01 09:00:00,841283.4321213181,1327037.5397568278,882703.3521652232,39.533446090702306,bull
2023-07-02 09:00:00,853006.4911464916,1331449.68923474,895003.5866689014,40.163733872675444,bull
2023-07-03 09:00:00,847569.1959663725,1317452.567977177,889298.5905891606,41.02128521798842,bull
2023-07-04 09:00:00,833897.3458971055,1281811.4829503924,874953.6178657443,41.82352360120096,bull
2023-07-05 09:00:00,817657.0157784229,1251670.6663442806,857913.7080224188,41.35319477967116,bull
2023-07-06 09:00:00,848220.8945162103,1222178.8257378817,889982.3749982899,41.404924505291675,bull
2023-07-07 09:00:00,921080.24181033,1226200.440366027,966428.8942539017,41.20147705143853,bull
2023-07-08 09:00:00,933429.2837245875,1230222.0549941722,979385.9314158699,41.012561558574895,bull
2023-07-09 09:00:00,908174.2693385103,1218340.3204109063,952887.5065017364,40.58060335690335,bull
2023-07-10 09:00:00,899476.7337835075,1208326.4527253746,943761.7547076964,40.56188522438106,bull
2023-07-11 09:00:00,906354.7015883501,1213583.6864683763,950978.3537819351,40.544504101324634,bull
2023-07-12 09:00:00,896537.2742575686,1203015.2850765307,940677.5732320696,40.70092883851111,bull
2023-07-13 09:00:00,984965.7047264099,1301371.1719550835,1033459.7070781324,40.08360967136388,bull
2023-07-14 09:00:00,968426.400883852,1287059.3166556447,1016106.1037776461,38.412408087531624,bull
2023-07-15 09:00:00,968037.40939938,1277518.079789352,1015697.960607108,36.860578045401674,bull
2023-07-16 09:00:00,943932.9902219833,1226404.3108627838,990406.7795407781,35.25065497912499,bull
2023-07-17 09:00:00,952518.6278686553,1323284.166881474,999415.1242220514,33.19093723738352,bull
2023-07-18 09:00:00,912975.9646592904,1342594.5144196434,957925.6094690573,30.877314236597666,bull
2023-07-19 09:00:00,929644.9223032135,1448694.9165320783,975415.2499726033,28.763923759375995,bull
2023-07-20 09:00:00,918463.4273259898,1452293.4653814165,963683.2429916423,27.203117800816603,bull
2023-07-21 09:00:00,925621.9712262175,1427333.5907415566,971194.2321019586,25.753797982154317,bull
2023-07-22 09:00:00,904462.3801951262,1394422.1953688909,948992.8654513718,24.45337238784486,bull
2023-07-23 09:00:00,907630.0708166417,1397945.2040691453,952316.5147988736,23.73972011054588,sideways
2023-07-24 09:00:00,869277.6126141569,1372188.7349954494,912075.8038487643,22.700637291308933,sideways
2023-07-25 09:00:00,862096.075249358,1401409.3523031322,904540.6892089532,21.849239361168546,sideways
2023-07-26 09:00:00,815739.2382507754,1326052.4323749042,855901.510244919,20.70458130434252,sideways
2023-07-27 09:00:00,815739.2382507754,1326052.4323749042,855901.510244919,19.641684537289773,sideways
2023-07-28 09:00:00,814194.0103508226,1323540.5350439632,854280.2042794512,18.904960248599874,sideways
2023-07-29 09:00:00,838121.46367956,1362436.6138388822,879385.7067244437,18.22085912338782,sideways
2023-07-30 09:00:00,828646.2572649203,1355277.166093871,869443.9960650878,17.815783328942466,sideways
2023-07-31 09:00:00,822260.8960252048,1350250.222389924,862744.2566480517,17.439641519814636,sideways
2023-08-01 09:00:00,836156.8147615322,1377568.5695245059,877324.3298809722,16.592362594517088,sideways
2023-08-02 09:00:00,817286.5228998921,1368825.8731484073,857524.9742219581,16.645586147421927,sideways
2023-08-03 09:00:00,811252.2861144105,1357882.1108549035,851193.6465921336,16.69500801797642,sideways
2023-08-04 09:00:00,809023.2839106868,1349699.5828099516,848854.901239394,16.74089975491988,sideways
2023-08-05 09:00:00,812193.744891222,1358346.5803156237,852181.4573423362,16.78351351065309,sideways
2023-08-06 09:00:00,810469.1371379367,1362402.170409795,850371.9398992595,17.230946658417484,sideways
2023-08-07 09:00:00,806563.963919708,1354432.3216911524,846274.4985864973,16.622402732292706,sideways
2023-08-08 09:00:00,821043.3270407696,1376955.996997796,861466.7416239608,17.466178252373982,sideways
2023-08-09 09:00:00,821357.7597966435,1378817.2355077257,861796.6552262536,18.634826824487718,sideways
2023-08-10 09:00:00,820239.6975126383,1374302.1718705045,860623.5460357728,19.534090624493714,sideways
2023-08-11 09:00:00,822510.4543670124,1378635.4003386318,863006.1017961471,20.38930438501016,sideways
2023-08-12 09:00:00,823506.4003557729,1382206.4719148676,864051.0823928025,21.18343144834686,sideways
2023-08-13 09:00:00,820219.7785928631,1368040.4625480422,860602.6464238396,21.94581160956071,sideways
2023-08-14 09:00:00,822823.6807084297,1390789.768363806,863334.7495871282,23.1819797796826,sideways
2023-08-15 09:00:00,802200.522586942,1390789.768363806,841696.2266934008,24.375177825746334,sideways
2023-08-16 09:00:00,772310.8640041125,1390789.768363806,810334.9745650779,24.492250196092616,sideways
2023-08-17 09:00:00,734660.932190829,1390789.768363806,770831.3783316684,25.53310614411262,sideways
2023-08-18 09:00:00,749006.9199468682,1390789.768363806,785883.6793741916,27.157342001284416,bear
2023-08-19 09:00:00,749006.9199468682,1390789.768363806,785883.6793741916,28.665561011515372,bear
2023-08-20 09:00:00,749006.9199468682,1390789.768363806,785883.6793741916,30.066050092444115,bear
2023-08-21 09:00:00,749006.9199468682,1390789.768363806,785883.6793741916,31.558004851286352,bear
2023-08-22 09:00:00,749006.9199468682,1390789.768363806,785883.6793741916,33.19359607597564,bear
2023-08-23 09:00:00,749006.9199468682,1390789.768363806,785883.6793741916,33.673579284033494,bear
2023-08-24 09:00:00,749006.9199468682,1390789.768363806,785883.6793741916,34.11927797723008,bear
2023-08-25 09:00:00,749006.9199468682,1390789.768363806,785883.6793741916,34.65819722995635,bear
2023-08-26 09:00:00,749006.9199468682,1390789.768363806,785883.6793741916,35.15862225034503,bear
2023-08-27 09:00:00,749006.9199468682,1390789.768363806,785883.6793741916,35.63518331054748,bear
2023-08-28 09:00:00,749006.9199468682,1390789.768363806,785883.6793741916,36.42232056302322,bear
2023-08-29 09:00:00,749006.9199468682,1390789.768363806,785883.6793741916,34.64676014179578,bear
2023-08-30 09:00:00,748651.1416598934,1390129.143223833,785510.3846264888,32.99802546494173,bull
2023-08-31 09:00:00,722279.9035270094,1341161.8410567152,757840.779577988,31.470427340665292,bull
2023-09-01 09:00:00,715972.1858525821,1329449.3869128425,751222.5064453657,30.44171684217758,bear
2023-09-02 09:00:00,711135.4328280392,1320468.2861519654,746147.6197361457,29.486485665010417,bear
2023-09-03 09:00:00,709793.1515360174,1317975.8778210217,744739.2522932868,28.599485286212335,bear
2023-09-04 09:00:00,709793.1515360174,1317975.8778210217,744739.2522932868,28.0398668608223,bear
2023-09-05 09:00:00,709793.1515360174,1317975.8778210217,744739.2522932868,27.599908029458746,bear
2023-09-06 09:00:00,709793.1515360174,1317975.8778210217,744739.2522932868,27.006544865388573,bear
2023-09-07 09:00:00,709793.1515360174,1317975.8778210217,744739.2522932868,25.522441418638177,bear
2023-09-08 09:00:00,709793.1515360174,1317975.8778210217,744739.2522932868,24.144345360941383,bear
2023-09-09 09:00:00,709793.1515360174,1317975.8778210217,744739.2522932868,22.864684735937217,sideways
2023-09-10 09:00:00,709793.1515360174,1317975.8778210217,744739.2522932868,21.42993306152541,sideways
2023-09-11 09:00:00,709455.9997890379,1317349.8392790568,744385.5011484475,21.438280557379596,sideways
2023-09-12 09:00:00,670943.6373769101,1245838.3509711707,703977.0132322314,20.411720369922055,sideways
2023-09-13 09:00:00,667092.4011356973,1238687.202140382,699936.1644406097,19.458485910140052,sideways
2023-09-14 09:00:00,663241.1648944844,1231536.0533095936,695895.3156489881,18.432375231126368,sideways
2023-09-15 09:00:00,662612.3986784838,1230368.5318934112,695235.5926288965,17.479558172042232,sideways
2023-09-16 09:00:00,668381.8792254406,1240073.756365899,701289.1289575619,16.594799474321245,sideways
2023-09-17 09:00:00,651646.8685957307,1205259.9221363333,683730.1834020584,15.49894193487765,sideways
2023-09-18 09:00:00,666176.1904941308,1223245.721465568,698974.8448974909,15.71120217401506,sideways
2023-09-19 09:00:00,673924.3466799178,1238860.6251665766,707104.4753848623,15.933996687876023,sideways
2023-09-20 09:00:00,682297.6931566877,1240902.7465287556,715890.076909486,16.140877307889774,sideways
2023-09-21 09:00:00,663457.6635839554,1212959.336831607,696122.4734790828,15.63630164021859,sideways
2023-09-22 09:00:00,690671.0396334575,1228487.5268915128,724675.6784341095,15.167767091666777,sideways
2023-09-23 09:00:00,711973.2567009941,1243682.9258606944,747381.6995077692,14.73269929658295,sideways
2023-09-24 09:00:00,695197.3178736026,1218716.591071153,747381.6995077692,13.89044220557527,sideways
2023-09-25 09:00:00,718484.0415751326,1268716.327009772,747381.6995077692,13.71484582966474,sideways
2023-09-26 09:00:00,710964.9797622401,1271734.313188912,747381.6995077692,13.318156166413932,sideways
2023-09-27 09:00:00,725220.399795412,1290724.8003676564,747381.6995077692,13.107239294554782,sideways
2023-09-28 09:00:00,741879.2944563276,1330018.2742802503,747381.6995077692,13.694855175531867,sideways
2023-09-29 09:00:00,743819.6222819658,1316920.449642719,747381.6995077692,14.240498493582017,sideways
2023-09-30 09:00:00,758881.8143026601,1326995.6993638969,747381.6995077692,14.7471672889143,sideways
2023-10-01 09:00:00,768096.0929710249,1388140.1200610488,747026.693200503,16.580612707097156,sideways
2023-10-02 09:00:00,739058.3172151102,1319666.5666910533,718785.4434410708,19.047774247482756,sideways
2023-10-03 09:00:00,747586.9456843786,1311122.8829894587,727080.1258138057,20.920714760518372,sideways
2023-10-04 09:00:00,749956.116001166,1326858.2544543925,729384.3081727247,22.65987380833716,sideways
2023-10-05 09:00:00,735518.2138922935,1299554.4844362673,715342.4475672048,24.581211911659125,sideways
2023-10-06 09:00:00,752780.3634806529,1341346.5991905078,732131.0846173491,25.90481656263462,sideways
2023-10-07 09:00:00,742632.5030331956,1315773.3102171752,722261.5869041117,27.133878024254713,bull
2023-10-08 09:00:00,731291.2825797335,1313729.9239311707,711231.4638638592,27.91697592297037,bull
2023-10-09 09:00:00,703221.4198053498,1249957.5045902284,683931.5765726336,27.782580037335634,bull
2023-10-10 09:00:00,688417.1286281891,1248429.7051864308,669533.3772008931,27.657783857817666,bull
2023-10-11 09:00:00,685641.3240324715,1243019.58191723,666833.7148186918,25.79749675088501,bull
2023-10-12 09:00:00,679164.4466424637,1234468.6286506564,660534.5025935554,24.070087294447543,bull
2023-10-13 09:00:00,690864.9256475127,1238180.369797393,671914.0294782643,22.785670299194756,sideways
2023-10-14 09:00:00,690864.9256475127,1232516.7941742134,671914.0294782643,21.54586353596601,sideways
2023-10-15 09:00:00,690864.9256475127,1241934.8749857927,671914.0294782643,20.309414552999275,sideways
2023-10-16 09:00:00,690864.9256475127,1293193.4161596254,671914.0294782643,22.654043647664707,sideways
2023-10-17 09:00:00,690536.7648078301,1290533.4070631687,671594.8703142621,24.831199235568324,sideways
2023-10-18 09:00:00,688643.5156599272,1286995.1432113627,669753.5542819255,27.08068570854017,sideways
2023-10-19 09:00:00,685140.8473615525,1280449.0609702943,666346.9665642458,29.16949457629974,bull
2023-10-20 09:00:00,701711.791797374,1311418.2409921088,682463.3586906772,31.76134345179459,bull
2023-10-21 09:00:00,713040.6720208487,1332590.6088342178,693481.4800018682,34.185182112984286,bull
2023-10-22 09:00:00,715334.2445311567,1331871.1849824928,695712.1382537073,36.435889441231865,bull
2023-10-23 09:00:00,765481.9550329256,1448291.6839416213,744484.2628492241,39.60884916387615,bull
2023-10-24 09:00:00,762619.3554393486,1426169.7150220058,741700.1863151601,42.82559549174305,bull
2023-10-25 09:00:00,780067.0677430963,1479594.2830319067,758669.2959688321,45.812574224762315,bull
2023-10-26 09:00:00,788114.1197250902,1479942.7496328857,766495.6118258355,48.586197333994484,bull
2023-10-27 09:00:00,782507.0869890463,1468800.3567479826,761042.3838224588,50.909567543085956,bull
2023-10-28 09:00:00,786448.2470623185,1474626.9231293697,764875.4351865432,53.14979922293852,bull
2023-10-29 09:00:00,795425.5944728616,1489993.4562640623,773606.5278339097,55.265118686729,bull
2023-10-30 09:00:00,808589.6184898713,1506508.2912307032,786409.4536925753,57.25644934383863,bull
2023-10-31 09:00:00,803994.7349622678,1488213.8926499279,781940.6109544355,58.917535537324,bull
2023-11-01 09:00:00,844377.0275476723,1519527.2148314295,821215.1897083048,60.64160636575365,bull
2023-11-02 09:00:00,847801.0640753042,1528641.201893849,824545.3025783505,62.31373813836392,bull
2023-11-03 09:00:00,830060.7207653254,1479357.3788200163,807291.5889865604,63.034321285801596,bull
2023-11-04 09:00:00,847750.6655405244,1529304.9312032647,824496.286509758,63.7034342084223,bull
2023-11-05 09:00:00,868970.8784994502,1564069.059656156,845134.4145523058,64.39186912070544,bull
2023-11-06 09:00:00,885812.7833612533,1570127.227582018,861514.3344754047,64.68538798641195,bull
2023-11-07 09:00:00,856622.0274073745,1497125.4912516929,833124.3008691906,65.11570381203582,bull
2023-11-08 09:00:00,869772.461313322,1511206.7253966306,845914.0094028107,65.57793570522297,bull
2023-11-09 09:00:00,885919.61485392,1514669.7315750576,861618.2355073546,66.56165565930891,bull
2023-11-10 09:00:00,898286.0659089352,1568611.8583601424,873645.4663744206,67.47510990238871,bull
2023-11-11 09:00:00,903970.9207082021,1534969.817381761,879174.3817287411,68.32331741381995,bull
2023-11-12 09:00:00,918858.0553152707,1580571.7979004579,893653.1520785976,68.94938776656542,bull
2023-11-13 09:00:00,884370.3090310681,1556017.7181004486,860111.4282000493,69.26431887029457,bull
2023-11-14 09:00:00,876564.3596227523,1559790.3865052843,852519.6013086652,67.1807408009552,bull
2023-11-15 09:00:00,936878.6230470813,1592226.734553645,911179.4033451799,65.733768827271,bull
2023-11-16 09:00:00,930747.8508398758,1534476.7177075706,905216.8024015931,64.44012850283012,bull
2023-11-17 09:00:00,943589.9394286888,1533368.0279922294,917706.6237404589,63.238891058706436,bull
2023-11-18 09:00:00,928522.9508427193,1523364.8692453243,903052.9329290268,62.12688495608347,bull
2023-11-19 09:00:00,961573.3024792287,1590990.9402505858,935196.6908755561,61.37415963369556,bull
2023-11-20 09:00:00,928956.9302655215,1538979.997804746,903475.0080002316,60.84032851572177,bull
2023-11-21 09:00:00,860129.9446463005,1411893.2479694558,836535.9935454025,59.080726719219406,bull
2023-11-22 09:00:00,909088.601791047,1480046.23983461,884151.6813285674,57.26483193078417,bull
2023-11-23 09:00:00,909088.601791047,1480046.23983461,884151.6813285674,55.57864391295144,bull
2023-11-24 09:00:00,909088.601791047,1480046.23983461,884151.6813285674,54.78634417015366,bull
2023-11-25 09:00:00,909088.601791047,1480046.23983461,884151.6813285674,54.050637266127154,bull
2023-11-26 09:00:00,908656.7847051963,1479343.2178706885,883731.7092799365,52.86714019146271,bull
2023-11-27 09:00:00,896552.6472053328,1450970.2132705776,871959.5965282728,50.923694486488706,bull
2023-11-28 09:00:00,899953.8519637424,1457052.397949915,875267.5039201,49.67018915099052,bull
2023-11-29 09:00:00,904555.2908022986,1471917.7781400715,879742.7221525417,48.62995407562663,bull
2023-11-30 09:00:00,916475.2850577178,1501033.5368866138,891335.7428345655,47.66402150564588,bull
2023-12-01 09:00:00,929019.1940160579,1549402.1887867537,903535.563813619,47.54521737039673,bull
2023-12-02 09:00:00,951020.2759444934,1598764.5178615532,924933.1410571899,47.924006440355036,bull
2023-12-03 09:00:00,955524.4849277091,1605986.6414297125,929313.7965155459,48.76269528228755,bull
2023-12-04 09:00:00,991586.7115952871,1644608.7351408487,964386.8117065558,50.53269467635686,bull
2023-12-05 09:00:00,1028246.4324422202,1721696.767926807,1000040.931404013,52.68275556943515,bull
2023-12-06 09:00:00,1039834.0613360289,1753862.1812862353,1011310.7037330111,54.73965218173949,bull
2023-12-07 09:00:00,1054103.4048511384,1758801.954944409,1025188.6294219736,55.60023137033327,bull
2023-12-08 09:00:00,1098243.6567207596,1846133.8093652613,1068118.084073482,56.399340616884636,bull
2023-12-09 09:00:00,1110904.0948297686,1916991.1218673065,1080431.2377291138,57.14137063153948,bull
2023-12-10 09:00:00,1120039.0187250727,1947208.2562676545,1089315.584430777,57.69341353545935,bull
2023-12-11 09:00:00,1058518.6819666133,1831517.3602906093,1029482.7924743844,54.640474259316754,bull
2023-12-12 09:00:00,1073749.2490561174,1902823.5984661593,1044295.5747194176,51.805602074327204,bull
2023-12-13 09:00:00,1164656.9708457505,1959724.270562316,1132709.6356896027,49.714943067702556,bull
2023-12-14 09:00:00,1137720.5559033097,1958683.4046093377,1106512.1049831326,47.77361684726538,bull
2023-12-15 09:00:00,1119069.6649213862,2002746.7299520932,1088372.8206631495,45.68766441180126,bull
2023-12-16 09:00:00,1148123.1835144572,2103094.148127565,1116629.3814229756,43.70468396599652,bull
2023-12-17 09:00:00,1108907.5702999237,2026185.9224284224,1078489.4792290088,41.180711254023905,bull
2023-12-18 09:00:00,1136758.3627751374,2040325.9997991167,1105576.3054688047,38.763648613735434,bull
2023-12-19 09:00:00,1113293.030044751,1980661.7708935037,1082754.6428215876,36.018435963090305,bear
2023-12-20 09:00:00,1177384.1249706363,2140013.027942609,1145087.6752952859,33.98947316180486,bear
2023-12-21 09:00:00,1177384.1249706363,2140013.027942609,1145087.6752952859,32.18147029578492,bull
2023-12-22 09:00:00,1177384.1249706363,2140013.027942609,1145087.6752952859,30.759144759457413,bull
2023-12-23 09:00:00,1177384.1249706363,2140013.027942609,1145087.6752952859,29.36293626250215,bull
2023-12-24 09:00:00,1176824.8675112752,2138996.5217543365,1144543.7586495206,27.293251948975787,bull
2023-12-25 09:00:00,1256005.6400475649,2289297.8938211035,1221552.5485836687,25.697509556191434,bull
2023-12-26 09:00:00,1271867.378526775,2235644.9017880345,1236979.1887566482,24.938666032476036,bull
2023-12-27 09:00:00,1237109.3028330537,2142497.6154335197,1203174.550788684,24.17360796247608,sideways
2023-12-28 09:00:00,1183525.1370194904,2037197.2417474496,1151060.2351946793,23.239841011237367,sideways
2023-12-29 09:00:00,1149861.2547708491,1986648.6491630177,1118319.7761992158,22.846463786399468,sideways
2023-12-30 09:00:00,1147188.7245483994,1950542.5116027093,1115720.5553037773,22.481184934764276,sideways
2023-12-31 09:00:00,1158657.8994547185,1993869.8766750796,1126875.1229189634,21.853919311426758,sideways
2024-01-01 09:00:00,1190918.6090541908,2056904.9537929716,1158250.899248169,20.560496080787367,sideways
2024-01-02 09:00:00,1191490.3155684145,1977590.861005713,1158806.9234627301,20.74311924304505,sideways
2024-01-03 09:00:00,1144151.4089440343,1797331.5592164895,1112766.5553382798,20.341106915840967,sideways
2024-01-04 09:00:00,1177519.6640897654,1811752.3033596273,1145219.4964839215,19.96780975486574,sideways
2024-01-05 09:00:00,1149108.9663743952,1759614.2920800308,1117588.1235866342,19.62117667681732,sideways
2024-01-06 09:00:00,1148704.3265755298,1758994.672884582,1117194.583333468,19.299303104343785,sideways
2024-01-07 09:00:00,1144639.5358687458,1752770.3164212098,1113241.2926084811,18.731989883594224,sideways
2024-01-08 09:00:00,1216407.9220129622,1862668.230086724,1183041.0229654917,18.61810406046949,sideways
2024-01-09 09:00:00,1196949.650470095,1832872.0543471575,1164116.5050840897,18.930872627587462,sideways
2024-01-10 09:00:00,1302437.3154695672,1877992.2551836167,1266710.5714764711,18.574226366562158,sideways
2024-01-11 09:00:00,1317754.7914970343,1875998.7677788944,1281607.878688016,18.991412926724283,sideways
2024-01-12 09:00:00,1257297.8068914302,1760460.7301671775,1222809.270409583,17.932108882397294,sideways
2024-01-13 09:00:00,1258748.103401162,1746520.8062144155,1224219.784296764,16.959333295993865,sideways
2024-01-14 09:00:00,1235497.3582077776,1746520.8062144155,1201606.8229040331,16.422545017203607,sideways
2024-01-15 09:00:00,1245090.5823917715,1746520.8062144155,1210936.8984048471,15.87931710089427,sideways
2024-01-16 09:00:00,1250844.7930942185,1746520.8062144155,1216533.2671826142,15.244958477491764,sideways
2024-01-17 09:00:00,1242335.7164437966,1745691.2088314637,1208831.7954118184,14.655911184332295,sideways
2024-01-18 09:00:00,1191207.0746252197,1717599.4646618615,1208831.7954118184,14.841434242569717,sideways
2024-01-19 09:00:00,1222207.5478189369,1731883.4023752187,1208831.7954118184,15.370238905166133,sideways
2024-01-20 09:00:00,1204836.5856909265,1710933.627062295,1208831.7954118184,15.861271806148517,sideways
2024-01-21 09:00:00,1189428.7670308675,1700271.8397007359,1208257.6003089978,16.209674938401328,sideways
2024-01-22 09:00:00,1132985.562021406,1630232.2758305175,1150920.8910172582,17.64547524595291,sideways
2024-01-23 09:00:00,1118608.519235977,1593148.963474412,1136316.257518419,19.468342534592978,sideways
2024-01-24 09:00:00,1104763.959516675,1597675.5288478204,1122252.5363713885,20.953586867946935,sideways
2024-01-25 09:00:00,1069115.0169640717,1578519.7713289242,1086039.2657863128,22.33274232034704,sideways
2024-01-26 09:00:00,1069115.0169640717,1606548.8605831629,1086039.2657863128,21.808194756729055,sideways
2024-01-27 09:00:00,1069115.0169640717,1620563.4052102822,1086039.2657863128,21.29443150813962,sideways
2024-01-28 09:00:00,1069115.0169640717,1598140.1338068913,1086039.2657863128,20.381586420156733,sideways
2024-01-29 09:00:00,1068607.1873310136,1637224.352675225,1085523.3971350642,19.327405390412476,sideways
2024-01-30 09:00:00,1058205.0765448755,1619791.4197676599,1074956.6193968887,17.95061762304542,sideways
2024-01-31 09:00:00,1026034.3044173743,1561511.5954847904,1042276.5791891059,16.89691162657687,sideways
2024-02-01 09:00:00,1031910.6976816998,1577101.7303308677,1048245.996627823,16.174819208238,sideways
2024-02-02 09:00:00,1057681.6918703818,1637960.8452999226,1074424.949465598,15.340647342390994,sideways
2024-02-03 09:00:00,1051718.718172495,1606852.6877027808,1068367.5810122527,14.566059181247347,sideways
2024-02-04 09:00:00,1053767.061984336,1564040.470811665,1070448.3504095497,14.18964768629802,sideways
2024-02-05 09:00:00,1071418.3700968246,1549872.399034749,1088379.0813397837,13.447872486652274,sideways
2024-02-06 09:00:00,1068565.9416036436,1521324.873345803,1085997.3472216607,12.759081229838367,sideways
2024-02-07 09:00:00,1089241.1512502548,1550760.3152520133,1085997.3472216607,12.365127623375638,sideways
2024-02-08 09:00:00,1064917.375195418,1516130.3835976482,1085997.3472216607,13.17273773828603,sideways
2024-02-09 09:00:00,1064106.582660257,1514976.0525425028,1085997.3472216607,15.140473080816454,sideways
2024-02-10 09:00:00,1097926.1404311315,1563125.1956502954,1085481.4984817302,16.96765589888042,sideways
2024-02-11 09:00:00,1094266.6253466918,1557915.1181945354,1081863.4628313412,18.89401995564566,sideways
2024-02-12 09:00:00,1120681.5772399954,1595522.2716503222,1107979.009686075,21.311320931142795,sideways
2024-02-13 09:00:00,1115539.015211751,1588200.7697928413,1102894.7369550676,23.62890567799615,sideways
2024-02-14 09:00:00,1167638.0390561058,1662374.517771843,1154403.2350128684,26.41676390736679,sideways
2024-02-15 09:00:00,1187792.2664162226,1677472.7256691912,1174329.020646327,29.358715539674765,bull
2024-02-16 09:00:00,1177935.3386850168,1673546.249342781,1164583.8180410825,32.138432510201504,bull
2024-02-17 09:00:00,1177186.564988595,1659954.7149313432,1163843.531455232,33.69505169932118,bull
2024-02-18 09:00:00,1205667.962533795,1691195.6836986735,1192002.1014607493,35.14048380350375,bull
2024-02-19 09:00:00,1221985.8492668732,1721236.6206568256,1208135.0301622385,36.55083893458962,bull
2024-02-20 09:00:00,1219982.1657535974,1668171.4417160766,1206154.0577612903,37.20415693278674,bull
2024-02-21 09:00:00,1194262.9029165602,1622096.0178527161,1180726.314549684,37.810809359684065,bull
2024-02-22 09:00:00,1195485.3078208796,1611918.9230465747,1181934.863885044,38.37412947037444,bull
2024-02-23 09:00:00,1189154.9480852035,1594895.3814508026,1175676.2567540472,38.10267792511595,bull
2024-02-24 09:00:00,1200498.8433758938,1601354.0618049775,1186891.5726166633,37.7384719613479,bull
2024-02-25 09:00:00,1221501.552317873,1604540.6292644877,1207656.2225643937,37.46627868074063,bull
2024-02-26 09:00:00,1247415.2701873719,1677497.0566204253,1233276.2167228088,38.55008569803317,bull
2024-02-27 09:00:00,1243519.4291387727,1679121.1429064176,1229424.533787544,40.47849812169761,bull
2024-02-28 09:00:00,1286184.616695491,1732327.7670648438,1271606.1250773591,43.2371863989773,bull
2024-02-29 09:00:00,1275889.2831304546,1716414.266775408,1261427.485828314,45.899411773230135,bull
2024-03-01 09:00:00,1301525.7934151066,1752430.3682627045,1286773.414461272,48.3714781921792,bull
2024-03-02 09:00:00,1336625.8454846633,1842946.0029368296,1321475.6186571643,50.66696843834619,bull
2024-03-03 09:00:00,1354616.6394567972,1860698.3016689224,1339262.4927287474,52.08932949440746,bull
2024-03-04 09:00:00,1469998.1303987338,2047875.9028628464,1453336.171342073,54.02391048974929,bull
2024-03-05 09:00:00,1374229.908737697,1860032.8995389063,1358653.4518699485,55.90262819283798,bull
2024-03-06 09:00:00,1434329.5402537305,1899103.377700632,1418071.8732681372,57.647151774277475,bull
2024-03-07 09:00:00,1439709.6389677427,1918979.1378167267,1423390.990282486,59.313985090887755,bull
2024-03-08 09:00:00,1453294.1697531147,1946689.931554558,1436821.5447524672,61.023711038537975,bull
2024-03-09 09:00:00,1470839.3559963088,1989471.607276998,1454167.8619163197,62.61131370421318,bull
2024-03-10 09:00:00,1445629.2593400236,1936240.6504586653,1429243.5136495153,64.19203462906272,bull
2024-03-11 09:00:00,1536896.116435743,2098333.440540008,1519475.8900852175,65.8145966544627,bull
2024-03-12 09:00:00,1579031.7710388266,2179583.3086555856,1561133.9505082108,67.33774016390397,bull
2024-03-13 09:00:00,1624396.3056686989,2179305.7823126214,1605984.2926347079,68.84787757798065,bull
2024-03-14 09:00:00,1656580.3634925007,2267045.247054776,1637803.5544477885,69.72506393397646,bull
2024-03-15 09:00:00,1594191.0134348231,2208691.6328382194,1576121.3677359247,68.35361569601706,bull
2024-03-16 09:00:00,1506004.1465797867,2070067.6502712602,1488934.0708357661,67.08012804648332,bull
2024-03-17 09:00:00,1600744.6315162063,2275663.067131157,1582600.702650624,65.26658178462078,bull
2024-03-18 09:00:00,1611413.0139218564,2218156.0090065417,1593148.1623508858,63.582574541462705,bull
2024-03-19 09:00:00,1447985.8629872992,1970179.713781289,1431573.4059475241,59.85421908848814,bull
2024-03-20 09:00:00,1555082.6562960166,2181527.3095641113,1537456.2913278514,55.73650803470572,bull
2024-03-21 09:00:00,1452581.1278063084,2031622.029681149,1436116.5849082689,51.91291919905061,bull
2024-03-22 09:00:00,1452581.1278063084,2031569.5217898125,1436116.5849082689,48.83923267990806,bull
2024-03-23 09:00:00,1452581.1278063084,2017643.794294633,1436116.5849082689,45.98509519784711,bear
2024-03-24 09:00:00,1452581.1278063084,2094865.3133608587,1436116.5849082689,42.796196925160096,bear
2024-03-25 09:00:00,1452581.1278063084,2156000.845259637,1436116.5849082689,40.57371842666525,bear
2024-03-26 09:00:00,1452581.1278063084,2156000.845259637,1436116.5849082689,38.58960302927679,bull
2024-03-27 09:00:00,1452581.1278063084,2156000.845259637,1436116.5849082689,37.0428838059224,bull
2024-03-28 09:00:00,1452581.1278063084,2156000.845259637,1436116.5849082689,35.60664452709333,bull
2024-03-29 09:00:00,1451891.1517706004,2154976.7448581387,1435434.429530437,34.255889931973236,bull
2024-03-30 09:00:00,1430974.613284483,2035109.1616140802,1414754.973323988,33.001617807933144,bull
2024-03-31 09:00:00,1474292.9424609803,2205482.749034006,1457582.3030820398,32.105490189811405,bull
2024-04-01 09:00:00,1430462.9090826064,2093696.1264580863,1414249.06912572,30.66739322098052,bull
2024-04-02 09:00:00,1361687.94687158,1913664.780919651,1346253.6491336846,29.053867535328283,bull
2024-04-03 09:00:00,1373676.7558461498,1913664.780919651,1358106.5687896614,27.663848510003845,bear
2024-04-04 09:00:00,1381457.8594051097,1913664.780919651,1365799.4760263036,25.99896748883008,bear
2024-04-05 09:00:00,1351258.3124098834,1913664.780919651,1335942.2312457259,24.453006540597297,bear
2024-04-06 09:00:00,1359496.283635405,1912755.7901487139,1344086.8276999253,23.100991583982104,sideways
2024-04-07 09:00:00,1363807.8577012548,1877888.1269524796,1348349.5314515417,22.066093362811902,sideways
2024-04-08 09:00:00,1428064.7760648835,1981053.2747598947,1411878.1181794074,22.02943020380811,sideways
2024-04-09 09:00:00,1392814.188599447,1964877.5547204046,1377027.0848582427,21.657234204047906,sideways
2024-04-10 09:00:00,1380356.0495813328,1886699.197596295,1364710.154864786,20.9363210827454,sideways
2024-04-11 09:00:00,1372642.6004859458,1871639.400146381,1357084.135249992,20.266901755821646,sideways
2024-04-12 09:00:00,1302661.7784880123,1748718.8912308682,1287896.5235063902,19.128017951809625,sideways
2024-04-13 09:00:00,1215228.5043693564,1571257.4942535053,1201454.2776097637,19.02014409228656,sideways
2024-04-14 09:00:00,1259425.985498531,1636016.7601512864,1245150.79441405,18.919975508443716,sideways
2024-04-15 09:00:00,1259425.985498531,1636016.7601512864,1245150.79441405,18.67052134606181,sideways
2024-04-16 09:00:00,1259425.985498531,1636016.7601512864,1245150.79441405,19.192084884942513,sideways
2024-04-17 09:00:00,1259425.985498531,1636016.7601512864,1245150.79441405,20.562183422211255,sideways
2024-04-18 09:00:00,1259425.985498531,1636016.7601512864,1245150.79441405,21.882026089304365,sideways
2024-04-19 09:00:00,1259425.985498531,1636016.7601512864,1245150.79441405,22.185242023969767,sideways
2024-04-20 09:00:00,1259425.985498531,1636016.7601512864,1245150.79441405,22.466799677587638,sideways
2024-04-21 09:00:00,1259425.985498531,1636016.7601512864,1245150.79441405,22.51852784569974,sideways
2024-04-22 09:00:00,1258827.7581554195,1635239.6521902145,1244559.3477867034,21.726379814001685,sideways
2024-04-23 09:00:00,1232655.0836497615,1607197.955632325,1218683.3321828484,20.990813784567774,sideways
2024-04-24 09:00:00,1200075.054636001,1573448.731565907,1186472.5873867113,21.226211993147707,sideways
2024-04-25 09:00:00,1195633.7999830078,1581379.349448364,1182081.672935966,21.912463857929662,sideways
2024-04-26 09:00:00,1170749.0743106005,1559147.7801283002,1157479.007676913,22.54969773237005,sideways
2024-04-27 09:00:00,1206410.278385655,1614298.8506583092,1192736.0033996422,23.496098716321352,sideways
2024-04-28 09:00:00,1185236.4384660914,1583401.6053917692,1171802.1621892718,24.092470303832496,sideways
2024-04-29 09:00:00,1155481.6213159678,1545329.7885206793,1142384.6063831195,25.14409740810716,sideways
2024-04-30 09:00:00,1049116.8981434002,1436833.279546776,1037225.4933578884,26.82706518521495,bear
2024-05-01 09:00:00,1049116.8981434002,1436833.279546776,1037225.4933578884,29.313156395334985,bear
2024-05-02 09:00:00,1049116.8981434002,1436833.279546776,1037225.4933578884,31.62166966187502,bear
2024-05-03 09:00:00,1049116.8981434002,1436833.279546776,1037225.4933578884,31.0754608524525,bear
2024-05-04 09:00:00,1049116.8981434002,1436833.279546776,1037225.4933578884,30.097707977648355,bear
2024-05-05 09:00:00,1049116.8981434002,1436833.279546776,1037225.4933578884,29.18979459390165,bear
2024-05-06 09:00:00,1049116.8981434002,1436833.279546776,1037225.4933578884,27.996110641915237,bear
2024-05-07 09:00:00,1049116.8981434002,1436833.279546776,1037225.4933578884,27.1788140672978,bear
2024-05-08 09:00:00,1049116.8981434002,1436833.279546776,1037225.4933578884,27.0580846373873,bear
2024-05-09 09:00:00,1049116.8981434002,1436833.279546776,1037225.4933578884,26.968724539653888,bear
2024-05-10 09:00:00,1049116.8981434002,1436833.279546776,1037225.4933578884,26.88574730604429,bear
2024-05-11 09:00:00,1049116.8981434002,1436833.279546776,1037225.4933578884,26.808697017692523,bear
2024-05-12 09:00:00,1049116.8981434002,1436833.279546776,1037225.4933578884,26.486712355614976,bear
2024-05-13 09:00:00,1049116.8981434002,1436833.279546776,1037225.4933578884,25.43258103910414,bear
2024-05-14 09:00:00,1049116.8981434002,1436833.279546776,1037225.4933578884,24.45374481662979,bear
2024-05-15 09:00:00,1049116.8981434002,1436833.279546776,1037225.4933578884,23.61829334413458,sideways
2024-05-16 09:00:00,1048618.567616782,1436150.7837389912,1036732.8112485434,22.984238471387858,sideways
2024-05-17 09:00:00,1076106.7938504745,1468003.7491279617,1063909.4672219926,22.48833112688597,sideways
2024-05-18 09:00:00,1078174.0279889521,1461476.9946908162,1065953.269922114,22.165760843034,sideways
2024-05-19 09:00:00,1055454.5207276365,1426422.9891972148,1043491.2810153782,21.6013642917549,sideways
2024-05-20 09:00:00,1113677.0339115937,1508067.6791187956,1101053.860617934,22.199411802407326,sideways
2024-05-21 09:00:00,1094760.6430081,1482452.3554131978,1082351.880960425,23.00830481671187,sideways
2024-05-22 09:00:00,1071340.3495085365,1450738.145111029,1059197.049003509,23.241978147870284,sideways
2024-05-23 09:00:00,1101966.8871618118,1492210.5739677113,1089476.444639476,22.617236147464652,sideways
2024-05-24 09:00:00,1135116.867031251,1537100.0811428307,1122250.6800804758,22.037118575659424,sideways
2024-05-25 09:00:00,1143136.5218065428,1546987.4643497113,1130179.4346316438,21.67001114355097,sideways
2024-05-26 09:00:00,1140056.644755934,1544022.0037871464,1127134.467003201,21.32912567087883,sideways
2024-05-27 09:00:00,1155603.5356092597,1609227.2721387402,1142505.1388168558,21.33415643237017,sideways
2024-05-28 09:00:00,1140411.7874827306,1586288.5500616492,1127485.5843006785,20.509378808050336,sideways
2024-05-29 09:00:00,1130665.24685776,1567351.1973161153,1117849.5175990951,19.621605588960847,sideways
2024-05-30 09:00:00,1114353.6733982696,1540650.9388830913,1101722.8306122548,19.223730140238317,sideways
2024-05-31 09:00:00,1126318.8479935487,1563272.5326907802,1113552.383777078,18.85427436642454,sideways
2024-06-01 09:00:00,1131515.5671069587,1571689.3122733308,1118690.199739997,18.51120829074032,sideways
2024-06-02 09:00:00,1115683.5166052282,1549698.3955875249,1103037.6004714265,18.599081794265356,sideways
2024-06-03 09:00:00,1081102.9852461852,1501665.6038790543,1068849.0283848117,19.467692052395233,sideways
2024-06-04 09:00:00,1078186.5548906033,1497614.6455421953,1065965.6548353382,20.503346446626747,sideways
2024-06-05 09:00:00,1077163.8669580694,1496194.119179077,1064954.5587437102,21.866760772870077,sideways
2024-06-06 09:00:00,1073575.0912338118,1488841.924152969,1061406.460645461,23.280709798811245,sideways
2024-06-07 09:00:00,1043397.942210102,1448814.3984363945,1031571.3599625495,23.923191838880598,sideways
2024-06-08 09:00:00,1025207.3858247326,1429364.1978062694,1013586.9877208489,24.519782304659284,sideways
2024-06-09 09:00:00,1029416.2810499972,1434412.4204752666,1017748.1764637263,25.130494133157015,sideways
2024-06-10 09:00:00,1029416.2810499972,1419946.1501452373,1017748.1764637263,25.02971525111362,bull
2024-06-11 09:00:00,1029416.2810499972,1383382.666456081,1017748.1764637263,23.727548456687277,bull
2024-06-12 09:00:00,1029416.2810499972,1393738.2642024928,1017748.1764637263,22.05819910226654,sideways
2024-06-13 09:00:00,1028927.3083164984,1371352.4977161968,1017264.746079906,20.68865752714182,sideways
2024-06-14 09:00:00,1007009.8498330639,1337811.433377776,995595.7149844561,20.032558644842094,sideways
2024-06-15 09:00:00,1003395.515088996,1344172.6697178215,992022.3475697183,19.423323968420924,sideways
2024-06-16 09:00:00,1013570.8313986615,1373665.6745671225,1002082.3299206295,18.544313879081418,sideways
2024-06-17 09:00:00,959850.503525933,1302455.5684929788,948970.9047975142,18.82257403533488,sideways
2024-06-18 09:00:00,919475.8836642108,1237623.5956014518,909053.9183498437,19.490087511544356,sideways
2024-06-19 09:00:00,931127.1422088784,1261038.419413912,920573.1136021743,20.10992145373887,sideways
2024-06-20 09:00:00,924880.3895737374,1269484.47273193,914397.1659119455,20.011917186630463,sideways
2024-06-21 09:00:00,915699.0439885398,1275499.3358211783,905319.8879449727,20.829023261366192,sideways
2024-06-22 09:00:00,883607.7028119517,1232741.9694410656,873592.2918655383,21.587764616477937,sideways
2024-06-23 09:00:00,881437.8256505454,1214240.6572955784,871447.0095683524,22.73974202109439,sideways
2024-06-24 09:00:00,914442.7993161468,1228098.3128672193,904077.8824044967,25.344593167199076,sideways
2024-06-25 09:00:00,922341.2092856963,1250523.7232430049,911886.7664210509,27.76338351715343,bear
2024-06-26 09:00:00,922341.2092856963,1250523.7232430049,911886.7664210509,29.72880441016284,bear
2024-06-27 09:00:00,922341.2092856963,1250523.7232430049,911886.7664210509,31.67030299844568,bear
2024-06-28 09:00:00,922341.2092856963,1250523.7232430049,911886.7664210509,33.614752559263835,bear
2024-06-29 09:00:00,922341.2092856963,1250523.7232430049,911886.7664210509,35.420312865737834,bear
2024-06-30 09:00:00,922341.2092856963,1250523.7232430049,911886.7664210509,35.185140529557906,bear
2024-07-01 09:00:00,922341.2092856963,1250523.7232430049,911886.7664210509,34.23485517395339,bear
2024-07-02 09:00:00,922341.2092856963,1250523.7232430049,911886.7664210509,33.592809562375606,bear
2024-07-03 09:00:00,922341.2092856963,1250523.7232430049,911886.7664210509,33.829800763263364,bear
2024-07-04 09:00:00,922341.2092856963,1250523.7232430049,911886.7664210509,34.873843622107174,bear
2024-07-05 09:00:00,922341.2092856963,1250523.7232430049,911886.7664210509,36.53425981953012,bear
2024-07-06 09:00:00,922341.2092856963,1250523.7232430049,911886.7664210509,37.70111529966716,bear
2024-07-07 09:00:00,922341.2092856963,1250523.7232430049,911886.7664210509,38.90082829145991,bear
2024-07-08 09:00:00,922341.2092856963,1250523.7232430049,911886.7664210509,40.253076058682176,bear
2024-07-09 09:00:00,922341.2092856963,1250523.7232430049,911886.7664210509,41.508734699674285,bear
2024-07-10 09:00:00,922341.2092856963,1250523.7232430049,911886.7664210509,41.719266506091216,bear
2024-07-11 09:00:00,922341.2092856963,1250523.7232430049,911886.7664210509,41.93742450109415,bear
2024-07-12 09:00:00,922341.2092856963,1250523.7232430049,911886.7664210509,42.35849382867297,bear
2024-07-13 09:00:00,922341.2092856963,1250523.7232430049,911886.7664210509,41.87156671990711,bear
2024-07-14 09:00:00,922341.2092856963,1250523.7232430049,911886.7664210509,40.17093457241659,bear
2024-07-15 09:00:00,922341.2092856963,1250523.7232430049,911886.7664210509,38.054088564711904,bear
2024-07-16 09:00:00,922341.2092856963,1250523.7232430049,911886.7664210509,36.16620798227908,bull
2024-07-17 09:00:00,922341.2092856963,1250523.7232430049,911886.7664210509,34.61032342783833,bull
2024-07-18 09:00:00,922341.2092856963,1250523.7232430049,911886.7664210509,33.02030662498474,bull
2024-07-19 09:00:00,921903.0972112856,1249929.7244744645,911453.6202070009,32.43608653423122,bull
2024-07-20 09:00:00,956715.5921719789,1273100.9299424572,945871.5266619673,32.04709498823611,bull
2024-07-21 09:00:00,959124.0037730332,1323956.936489878,948252.6396871536,31.875455103260325,bull
2024-07-22 09:00:00,975982.8849804129,1302010.1822167966,964920.4308634582,31.731764293798854,bull
2024-07-23 09:00:00,960399.4641221366,1268759.5344815466,949513.6431007849,31.02913902184913,bull
2024-07-24 09:00:00,950253.3338430345,1309993.1879951805,939482.5159661073,29.8859863867617,bull
2024-07-25 09:00:00,926941.5195986202,1277554.1249162727,916434.933686649,27.955628475636075,bull
2024-07-26 09:00:00,957721.4021755516,1276400.7360068003,946865.9361305654,26.87703372479989,bull
2024-07-27 09:00:00,937316.8048608324,1256752.033355284,926692.6184059317,26.481632282305025,bull
2024-07-28 09:00:00,939468.7005321111,1250547.5788270202,928820.1230274346,26.114473799988364,bull
2024-07-29 09:00:00,931676.5425103934,1254044.8854611497,921116.2866268372,26.317269021112104,bull
2024-07-30 09:00:00,930293.1158781212,1236910.9339425466,919748.5406933553,25.79576087020198,bull
2024-07-31 09:00:00,903931.9036949592,1210563.7363956482,893686.124426322,24.615781398631096,bull
2024-08-01 09:00:00,890885.4959055681,1186646.5700725566,880787.593500124,23.151004108436116,sideways
2024-08-02 09:00:00,846801.0344032734,1134614.7107008519,837202.8152813631,22.364408121002853,sideways
2024-08-03 09:00:00,834297.1500051848,1122605.2852666043,824840.6584171957,22.079784349985513,sideways
2024-08-04 09:00:00,780412.4973382093,1054826.294020832,771566.7710688646,22.722397856949673,sideways
2024-08-05 09:00:00,780412.4973382093,980446.5889683864,771566.7710688646,24.925171654791207,sideways
2024-08-06 09:00:00,780412.4973382093,1031066.110462412,771566.7710688646,26.970604467072626,sideways
2024-08-07 09:00:00,780412.4973382093,1004206.7725268066,771566.7710688646,28.86993493561966,bear
2024-08-08 09:00:00,780412.4973382093,1069400.2740898377,771566.7710688646,28.395461369218225,bear
2024-08-09 09:00:00,780412.4973382093,1069400.2740898377,771566.7710688646,27.95487877184546,bear
2024-08-10 09:00:00,780412.4973382093,1069400.2740898377,771566.7710688646,27.545766359999323,bear
2024-08-11 09:00:00,780412.4973382093,1069400.2740898377,771566.7710688646,27.70671254641107,bear
2024-08-12 09:00:00,780412.4973382093,1069400.2740898377,771566.7710688646,28.093254584758785,bear
2024-08-13 09:00:00,780412.4973382093,1069400.2740898377,771566.7710688646,28.153271341625214,bear
2024-08-14 09:00:00,780412.4973382093,1069400.2740898377,771566.7710688646,28.136687785188574,bear
2024-08-15 09:00:00,780412.4973382093,1069400.2740898377,771566.7710688646,28.70424332918029,bear
2024-08-16 09:00:00,780412.4973382093,1069400.2740898377,771566.7710688646,29.23125919145831,bear
2024-08-17 09:00:00,780412.4973382093,1069400.2740898377,771566.7710688646,29.720631063573617,bear
2024-08-18 09:00:00,780412.4973382093,1069400.2740898377,771566.7710688646,29.843363585058665,bear
2024-08-19 09:00:00,780412.4973382093,1069400.2740898377,771566.7710688646,30.302254181744278,bear
2024-08-20 09:00:00,780412.4973382093,1069400.2740898377,771566.7710688646,30.00357079189576,bear
2024-08-21 09:00:00,780412.4973382093,1069400.2740898377,771566.7710688646,29.62996507833566,bear
2024-08-22 09:00:00,780412.4973382093,1069400.2740898377,771566.7710688646,29.283045487172704,bear
2024-08-23 09:00:00,780412.4973382093,1069400.2740898377,771566.7710688646,27.410465157739633,bear
2024-08-24 09:00:00,780412.4973382093,1069400.2740898377,771566.7710688646,25.67164056612321,bear
2024-08-25 09:00:00,780412.4973382093,1069400.2740898377,771566.7710688646,23.86757865044092,bear
2024-08-26 09:00:00,780412.4973382093,1069400.2740898377,771566.7710688646,22.551146997211777,sideways
2024-08-27 09:00:00,780412.4973382093,1069400.2740898377,771566.7710688646,22.758589856867335,sideways
2024-08-28 09:00:00,780412.4973382093,1069400.2740898377,771566.7710688646,23.108129742485264,sideways
2024-08-29 09:00:00,780412.4973382093,1069400.2740898377,771566.7710688646,23.042212764177084,sideways
2024-08-30 09:00:00,780412.4973382093,1069400.2740898377,771566.7710688646,23.26102654001776,sideways
2024-08-31 09:00:00,780412.4973382093,1069400.2740898377,771566.7710688646,23.464210760441247,sideways
2024-09-01 09:00:00,780041.8014019737,1069400.2740898377,771200.2768526069,24.166650889022847,sideways
2024-09-02 09:00:00,804533.6619638553,1069400.2740898377,795414.5300016186,24.68078656601522,sideways
2024-09-03 09:00:00,789155.051843604,1069400.2740898377,780210.2315127042,24.867573462637196,sideways
2024-09-04 09:00:00,795989.9896748269,1069400.2740898377,786967.6975077773,25.662748123895277,sideways
2024-09-05 09:00:00,800165.8519006276,1069400.2740898377,791096.2276696836,26.472988826724055,bear
2024-09-06 09:00:00,800165.8519006276,1069400.2740898377,791096.2276696836,28.152148005500045,bear
2024-09-07 09:00:00,800165.8519006276,1069400.2740898377,791096.2276696836,29.711367242934887,bear
2024-09-08 09:00:00,800165.8519006276,1069400.2740898377,791096.2276696836,30.960917618109754,bear
2024-09-09 09:00:00,800165.8519006276,1069400.2740898377,791096.2276696836,30.08246820056568,bear
2024-09-10 09:00:00,800165.8519006276,1069400.2740898377,791096.2276696836,29.26676516998904,bear
2024-09-11 09:00:00,800165.8519006276,1069400.2740898377,791096.2276696836,28.86570785378835,bear
2024-09-12 09:00:00,800165.8519006276,1069400.2740898377,791096.2276696836,28.15718443861275,bear
2024-09-13 09:00:00,800165.8519006276,1069400.2740898377,791096.2276696836,26.40609450442723,bear
2024-09-14 09:00:00,800165.8519006276,1069400.2740898377,791096.2276696836,24.746792921323586,bear
2024-09-15 09:00:00,800165.8519006276,1069400.2740898377,791096.2276696836,23.61081074055027,sideways
2024-09-16 09:00:00,800165.8519006276,1069400.2740898377,791096.2276696836,23.09125249046891,sideways
2024-09-17 09:00:00,799785.7731209748,1068892.308959645,790720.4569615405,21.4470470138632,sideways
2024-09-18 09:00:00,797850.2808766086,1066305.575307231,788806.9029032598,20.02859637614839,sideways
2024-09-19 09:00:00,797269.6332032987,1065529.5552115066,788232.8366857757,19.645582522961444,sideways
2024-09-20 09:00:00,796688.9855299888,1064753.5351157824,787658.7704682915,19.46008459082946,sideways
2024-09-21 09:00:00,809951.0382205874,1082477.9140662616,800770.5020296528,19.287836510992616,sideways
2024-09-22 09:00:00,796760.2495524137,1061145.5129175824,787729.2267357954,19.41433483236895,sideways
2024-09-23 09:00:00,822399.2160749958,1075014.602111378,813077.5837660113,19.810834170750724,sideways
2024-09-24 09:00:00,837828.4813811346,1095591.1099825632,828331.9632804685,20.17901212781951,sideways
2024-09-25 09:00:00,826406.1837962292,1084595.7138786523,817039.1337885879,20.601682338569844,sideways
2024-09-26 09:00:00,859664.5748901418,1124179.3010269292,849920.5516474756,21.25948262030972,sideways
2024-09-27 09:00:00,868580.7009233716,1127217.9404171999,858735.6162413484,22.18545462438511,sideways
2024-09-28 09:00:00,862062.9022919661,1130654.495787317,852291.6947746077,23.045285771026546,sideways
2024-09-29 09:00:00,846476.7826782893,1106320.7516614022,836882.2388460638,23.671253117545824,sideways
2024-09-30 09:00:00,810029.7236105026,1055865.938312223,800848.2955458178,22.301696032564564,sideways
2024-10-01 09:00:00,769421.186956686,996106.7245573523,760700.0436781413,21.529366194521337,sideways
2024-10-02 09:00:00,751643.2741164158,969787.0492986066,743123.6377988203,20.812202773481197,sideways
2024-10-03 09:00:00,757460.163747075,976433.3647208187,748874.5948443565,20.14626531108678,sideways
2024-10-04 09:00:00,757460.163747075,991974.95105286,748874.5948443565,18.851666060613123,sideways
2024-10-05 09:00:00,757460.163747075,993674.284533047,748874.5948443565,17.6495381851733,sideways
2024-10-06 09:00:00,757460.163747075,1000167.7641229007,748874.5948443565,16.83898652951862,sideways
2024-10-07 09:00:00,757100.3701692951,992572.698417713,748518.8794118054,16.9284293515641,sideways
2024-10-08 09:00:00,761530.101962017,998380.1593727057,752898.4016102183,16.985700226110655,sideways
2024-10-09 09:00:00,755489.5586083053,990460.8944340793,746926.3258851098,15.93008423829323,sideways
2024-10-10 09:00:00,764046.9950260636,1001679.8530971335,755386.7664956802,15.489728152525956,sideways
2024-10-11 09:00:00,769355.8134348998,1008639.8129929261,760996.8846645494,14.941866254947628,sideways
2024-10-12 09:00:00,768250.4144027714,1023534.4550813269,760996.8846645494,14.433137350053466,sideways
2024-10-13 09:00:00,760211.1487145638,1019066.082257247,760996.8846645494,13.701518690512534,sideways
2024-10-14 09:00:00,777093.6066597996,1043515.8098329278,760996.8846645494,14.647900940784341,sideways
2024-10-15 09:00:00,773343.5728558158,1040474.0285502156,760635.4111443335,16.29892895331842,sideways
2024-10-16 09:00:00,775842.0648016451,1047049.0456120312,763092.8459962697,18.047073414680916,sideways
2024-10-17 09:00:00,768614.9342540812,1045027.0801272923,755984.4770792826,19.670350414517518,sideways
2024-10-18 09:00:00,783514.3186399434,1058913.663142437,770639.0236041694,21.61824165623852,sideways
2024-10-19 09:00:00,789178.7490989728,1061153.1267390833,776210.3718927334,23.426997809265167,sideways
2024-10-20 09:00:00,801704.0071441885,1069039.4097279627,788529.80550195,25.28787842261343,sideways
2024-10-21 09:00:00,796563.6256826883,1059977.7053316142,783473.8946446734,25.964259240496258,bull
2024-10-22 09:00:00,795458.2648942514,1052445.6872614417,782386.6979738963,26.347085695144788,bull
2024-10-23 09:00:00,793561.4442388287,1040852.0553439233,780521.0472983802,26.544840095145506,bull
2024-10-24 09:00:00,803261.3929682592,1053574.7142445738,790061.5991938892,27.32583588703512,bull
2024-10-25 09:00:00,774550.9797631518,1015917.5261197492,761822.977035634,28.194564203166813,bull
2024-10-26 09:00:00,782179.0649958428,1025922.6848260176,769325.7118495867,29.00124049671767,bull
2024-10-27 09:00:00,791097.0400029235,1037619.6903736205,778097.1400015476,30.02929403829594,bull
2024-10-28 09:00:00,794338.6095054059,1082122.7203233375,781285.4416023076,31.711308941391422,bull
2024-10-29 09:00:00,806879.0014475964,1129951.4534819382,793619.7604169513,34.09950044639448,bull
2024-10-30 09:00:00,788221.8441045657,1100414.0387540427,775269.1914790149,36.317106843897314,bull
2024-10-31 09:00:00,766872.3244373773,1063143.014146046,754270.5031343019,37.11866759263873,bull
2024-11-01 09:00:00,760830.3526224756,1056469.5433351898,748327.8175326373,36.80687434382878,bull
2024-11-02 09:00:00,759216.9401664549,1051064.2084585463,746740.9178803924,36.51735204136241,bull
2024-11-03 09:00:00,735669.0128108066,1020122.1958927594,723579.9477314884,34.73010005922246,bull
2024-11-04 09:00:00,726231.6131576272,983165.918820002,714297.6305088586,32.70179631028204,bull
2024-11-05 09:00:00,726231.6131576272,983165.918820002,714297.6305088586,31.29724096101087,bull
2024-11-06 09:00:00,726231.6131576272,983165.918820002,714297.6305088586,31.714320698418188,bull
2024-11-07 09:00:00,726231.6131576272,983165.918820002,714297.6305088586,32.22610456583622,bull
2024-11-08 09:00:00,725886.6531413775,982698.9150085626,713958.3391343668,33.19719873402396,bull
2024-11-09 09:00:00,741972.9471417008,996854.111375485,729780.2910845717,34.09892903305543,bull
2024-11-10 09:00:00,805381.479308337,1034191.042358024,792146.8466848475,35.779234019257736,bull
2024-11-11 09:00:00,906139.7644027306,1117547.3165877443,891249.3960549203,38.40027453751744,bull
2024-11-12 09:00:00,942618.4832047429,1163047.262023862,927128.6691851313,40.993040466706326,bull
2024-11-13 09:00:00,924359.0810585615,1166330.1164951297,909169.3192322743,43.54959094540886,bull
2024-11-14 09:00:00,913579.2322540518,1110412.6305083977,898566.6129898049,45.53042294938703,bull
2024-11-15 09:00:00,993011.057075566,1228652.454149914,976693.1544802089,47.36976695308105,bull
2024-11-16 09:00:00,1126483.6014131312,1274895.9787596166,1107972.3778450254,49.08800716199009,bull
2024-11-17 09:00:00,1069954.4211042852,1212349.0772177405,1052372.1274322788,50.33203442019047,bull
2024-11-18 09:00:00,1135301.4527749615,1300410.027237296,1116645.3276585822,51.56366935099243,bull
2024-11-19 09:00:00,1131079.122920276,1318600.2249231683,1112492.382295442,52.88062745815092,bull
2024-11-20 09:00:00,1163386.7019930084,1340410.7511020598,1144269.0589933782,54.27913910394437,bull
2024-11-21 09:00:00,1210804.9743622346,1380168.8004094807,1190908.1187403,55.910745202968414,bull
2024-11-22 09:00:00,1341557.7091168414,1718277.9162495716,1319512.226473486,56.08392563318572,bull
2024-11-23 09:00:00,1637562.4053000258,2243854.9101364096,1610652.751441588,56.24473603267321,bull
2024-11-24 09:00:00,1658971.805159855,2220787.8567989995,1631710.3359826957,55.416107104291385,bull
2024-11-25 09:00:00,1564690.5063285746,2072101.3881299589,1538978.3381787613,54.03737135335116,bull
2024-11-26 09:00:00,1544527.6132377621,1987451.2603151829,1519146.7768723755,52.04036912535489,bull
2024-11-27 09:00:00,1624794.0713601806,2125186.48737143,1598094.2363431845,50.48552914241052,bull
2024-11-28 09:00:00,1631699.030691937,2141565.579956578,1604885.7282034582,49.09024410221137,bull
2024-11-29 09:00:00,1646316.577721433,2244915.4346158276,1619263.068734839,48.09233273909293,bull
2024-11-30 09:00:00,1688459.199083594,2237059.6940187113,1660713.1709295632,47.16570075905438,bull
2024-12-01 09:00:00,1686025.4475590622,2299439.289959237,1658319.4126357571,46.37863630276135,bull
2024-12-02 09:00:00,1916104.0572244762,2423257.0029371115,1884617.197994086,45.22598833584101,bull
2024-12-03 09:00:00,1882000.3219749555,2380126.717315034,1851073.8809050424,46.01835355973071,bull
2024-12-04 09:00:00,1863605.6394897588,2356863.344440793,1832981.4736411807,45.8770239271193,bear
2024-12-05 09:00:00,1800945.0469029457,2277617.794481397,1771350.5669164874,44.81241127597672,bear
2024-12-06 09:00:00,1950006.6679104536,2466132.9305011127,1917962.6955492878,43.82384238563004,bear
2024-12-07 09:00:00,1950006.6679104536,2466132.9305011127,1917962.6955492878,42.90588555887955,bear
2024-12-08 09:00:00,1950006.6679104536,2466132.9305011127,1917962.6955492878,41.88688264912129,bear
2024-12-09 09:00:00,1950006.6679104536,2466132.9305011127,1917962.6955492878,41.19606555992664,bear
2024-12-10 09:00:00,1950006.6679104536,2466132.9305011127,1917962.6955492878,40.59365658902553,bear
2024-12-11 09:00:00,1950006.6679104536,2466132.9305011127,1917962.6955492878,39.24634746243518,bear
2024-12-12 09:00:00,1950006.6679104536,2466132.9305011127,1917962.6955492878,37.86550602196223,bear
2024-12-13 09:00:00,1950006.6679104536,2466132.9305011127,1917962.6955492878,36.583296112951636,bear
2024-12-14 09:00:00,1950006.6679104536,2466132.9305011127,1917962.6955492878,35.156509326632815,bear
2024-12-15 09:00:00,1950006.6679104536,2466132.9305011127,1917962.6955492878,33.08223971241767,bear
2024-12-16 09:00:00,1950006.6679104536,2466132.9305011127,1917962.6955492878,31.099360062114805,bear
2024-12-17 09:00:00,1950006.6679104536,2466132.9305011127,1917962.6955492878,29.602218671476376,bull
2024-12-18 09:00:00,1949080.4147431962,2464961.5173591245,1917051.6632689023,27.713019414072654,bull
2024-12-19 09:00:00,1895225.4303413837,2428718.430341552,1864081.6643700015,26.287858697904223,bear
2024-12-20 09:00:00,1938374.3239201426,2451330.01471682,1906521.5029614083,25.679349094241424,bear
2024-12-21 09:00:00,1888210.3780920932,2403831.6973764095,1857181.8887216009,24.88627064247915,bear
2024-12-22 09:00:00,1854925.1510651158,2365624.7584045297,1824443.629513985,24.344401293296915,sideways
2024-12-23 09:00:00,1831815.385736532,2429374.240832879,1801713.62118503,24.29166829552845,sideways
2024-12-24 09:00:00,1879641.2823881037,2484623.792270782,1848753.606826311,23.841808451534632,sideways
2024-12-25 09:00:00,1894853.0815775348,2468568.367066605,1863715.4343203572,23.336565679438845,sideways
2024-12-26 09:00:00,1844361.3269405118,2339318.314253276,1814053.3980718306,23.200700890061913,sideways
2024-12-27 09:00:00,1833598.9005099495,2313785.4729564805,1803467.8279057904,23.323775940411636,sideways
2024-12-28 09:00:00,1879861.0458019432,2362078.810293215,1848969.7589228794,23.438059915736375,sideways
2024-12-29 09:00:00,1830899.6511284062,2314624.926021792,1800812.9346149215,23.973439921247856,sideways
2024-12-30 09:00:00,1818270.3369613027,2305317.9305121717,1788391.15481207,24.8296602010701,sideways
